Metadata Item,Description / Purpose,Procedure-Level Tier,Analysis-Level Tier,Data Type,Example / Allowed Content,Comments,Last Update,Keyed By
Detection Limit,"Session detection limit, one per reported concentration variable (one per analyte, these being the same set), expressed in µg g⁻¹, ng g⁻¹, or wt% as appropriate. Mandatory at analysis level to demonstrate the reliability of reported near-detection-limit concentrations. The calculation method is captured separately in Detection Limit Method.",Advanced,Basic,Numeric (ppm or wt%),,,,reported property
Detection Limit Method,Reference or description of the method used to calculate session detection limits. Mandatory at analysis level. Must be consistent with the method applied to generate the Detection Limit values reported above.,Basic,Read-Only,Text / URI,,,,reported property
Limit of Quantification (LOQ) Method,Reference or description of the method used to calculate the limit of quantification (LOQ): the lowest concentration reliably measurable with acceptable precision and accuracy. Mandatory at analysis level when concentrations near the LOD are reported. Concentrations between LOD and LOQ are detectable but not reliably quantifiable.,Advanced,Basic,Text / URI,,,,reported property
Within-Session Analytical Precision and Assessment Method,"Reproducibility of repeated measurements within a single analytical session. Report both the assessment method and the precision values. Assessment method must specify: (1) the reference material used, (2) number of replicates n, and (3) the statistic reported (1σ RSD, 2σ RSD, etc.). For mapping: assess from repeated analyses of a reference material area at session start and end, or from replicate analyses of a homogeneous reference phase within the map.",Basic,Basic,Text (free),,,,standard x reported property
Between-Session (Long-Term) Analytical Precision and Assessment Method,"Reproducibility of measurements across multiple analytical sessions over weeks to months (long-term or intermediate precision). Report both the assessment method and the precision values. Specify: reference material used, number of sessions n, time span covered, and statistic reported. Long-term precision is typically assessed from a compiled record of secondary reference material values across all sessions.",Advanced,Basic,Text (free),,,,standard x reported property
Analytical Accuracy and Assessment Method,"Offset between measured and accepted reference values for secondary reference materials, expressed as % relative bias. Report both the assessment method and the accuracy values. Specify: (1) secondary RM used and source of reference values, (2) number of analyses, and (3) elements or element groups assessed. Report any systematic biases and likely causes.",Basic,Basic,Text (free),,,,standard x reported property
Uncertainty Level,"The convention at which reported uncertainties are quoted — 1-sigma, 2-sigma, or a 95% confidence interval — and whether a measured spread is reported as a standard error or a standard deviation. A reported uncertainty is not interpretable without it: the same numeric value means different things at 1-sigma and at 95% confidence. State the convention applying to all values reported under this procedure, and state each separately where different reported quantities use different conventions. Distinct from Uncertainty Propagation Method, which addresses how component uncertainties are combined rather than how the result is quoted.",Basic,Read-Only,Controlled list / Text,,,,(none)
Uncertainty Propagation Method,"The approach used to propagate analytical uncertainty through the data reduction chain to the final reported value. State which sources are included in the propagation: counting statistics, calibration standard uncertainty, internal standard uncertainty, drift correction, and any systematic contributions. Distinct from Uncertainty Level, which states the convention at which the resulting uncertainty is quoted.",Advanced,Editable,Text (free),,,,reported property
Secondary Reference Materials,"Quality-control reference materials analysed as unknowns alongside samples in the same session to assess accuracy and monitor drift. Include material name, source, and citation for accepted values used for comparison. Editable because selection of secondary RMs may vary across sessions.",Basic,Editable,Text (free),,,,defines: standard
Per-Analyte Calibration Strategy,"Documents cases where different analytes or analyte groups within the same session are calibrated using different strategies — for example, one element used as the internal standard while trace elements are calibrated by an external reference material, or different primary standards applied to different mass ranges or mineral phases. If a single calibration strategy applies uniformly to all analytes, state that here and refer to Internal Standard Approach and Normalization / Standards-Based Correction for details. Free text; list the strategy for each analyte or analyte group as needed.",Basic,Read-Only,Text (free),,,,analyte
Internal Standard Approach,"Method used to determine the internal standard (IS) concentration for each unknown sample, used to correct for variable ablation yield between analyses. The approach is a fundamental procedure design choice that cannot be changed by analysts.",Basic,Read-Only,Text (free),,,,(none)
Internal Standard Element,"Element(s) used as the internal standard, and how the IS concentration value was determined for unknown samples. For mapping procedures using oxide-sum normalization, report ""None (oxide-sum normalization)"" and cite the method reference.",Basic,Read-Only,Text (free),,,,(none)
Normalization / Standards-Based Correction,"Any post-acquisition normalization applied to correct for systematic biases identified from secondary reference materials, or stoichiometric normalization applied per pixel in mapping. Distinct from the primary internal standard approach captured in Internal Standard Approach.",Advanced,Editable,Text (free),,,,reported property
Blank / Background Correction Method,"Method used to subtract the gas blank (background signal with laser off) from the ablation signal. For spot and transect analysis: typically the mean of a pre-ablation gas blank interval is subtracted per isotope per analysis. For mapping: background may be subtracted per raster line, per map session, or using a separate gas blank map acquired under identical conditions.",Basic,Read-Only,Text (free),,,,(none)
Calibration Standard Measurement Frequency,"How often the primary calibration standard is measured relative to unknown samples within a session. For LA-ICP-MS, this defines the bracketing interval between calibration standard ablations used to monitor and correct for instrumental drift.",Basic,Read-Only,Text (free),,,,(none)
Spike / Outlier Filtering Approach,"Method used to identify and remove anomalous signal spikes arising from micronuggets, inclusions, cracks, or instrument artifacts during time-resolved signal processing. Editable because the specific implementation may vary between sessions while remaining within the procedure framework.",Advanced,Editable,Text (free),,,,(none)
Elemental Fractionation Correction,"Method used to correct for laser-induced elemental fractionation (LIEF), including downhole fractionation during prolonged ablation, matrix-dependent fractionation between sample and calibration standard, and any specific correction algorithm applied. Reference the software function or publication.",Basic,Read-Only,Text (free),,,,(none)
Mass Bias Correction Strategy,"Strategy used to correct instrumental isotopic mass fractionation, also called mass bias or mass discrimination. Distinct from Elemental Fractionation Correction, which addresses inter-element fractionation during ablation and transport: this field addresses discrimination between isotopes of the same element, and applies wherever the procedure reports isotope ratios.",Basic,Read-Only,Text (free),,,,(none)
Matrix Offset Correction (LIEF),Whether an empirical correction was applied to account for systematic differences in laser-induced elemental fractionation (LIEF) patterns between the external calibration standard and the sample matrix.,Advanced,Read-Only,Text (free),,,,(none)
Isotope Dilution Data Reduction Method,Mass balance approach used to calculate sample mass fractions from spike-sample isotope ratio measurements in isotope dilution (ID) analysis. Record 'None' if isotope dilution is not used.,Basic,Read-Only,Text (free),,,,(none)
Memory Effect Mitigation,"Procedure applied to identify and minimise memory effects from high-concentration elements in the previous sample or standard that may contaminate subsequent analyses, or from incomplete aerosol washout between adjacent pixels in raster mapping mode. For mapping, the mitigation strategy involves controlling scan speed relative to washout time to ensure each pixel signal is sufficiently free of the preceding pixel's contribution.",Advanced,Editable,Text (free),,,,(none)
