path	@id	schema
/prov:wasGeneratedBy	http://www.w3.org/ns/prov#wasGeneratedBy	https://amds-ldeo.github.io/geochemBuildingBlocks/build/annotated/BaseSchema/modules/compositionQC/schema.yaml
/prov:wasGeneratedBy/schema:location	http://schema.org/location	https://amds-ldeo.github.io/geochemBuildingBlocks/build/annotated/BaseSchema/modules/core/schema.yaml
/prov:wasGeneratedBy/schema:location/schema:name	http://schema.org/name	https://amds-ldeo.github.io/geochemBuildingBlocks/build/annotated/BaseSchema/modules/core/schema.yaml
/prov:wasGeneratedBy/schema:location/schema:identifier	http://schema.org/identifier	https://amds-ldeo.github.io/geochemBuildingBlocks/build/annotated/BaseSchema/modules/core/schema.yaml
/prov:wasGeneratedBy/schema:identifier	http://schema.org/identifier	https://amds-ldeo.github.io/geochemBuildingBlocks/build/annotated/BaseSchema/modules/core/schema.yaml
/prov:wasGeneratedBy/schema:startDate	http://schema.org/startDate	https://amds-ldeo.github.io/geochemBuildingBlocks/build/annotated/BaseSchema/modules/core/schema.yaml
/prov:wasGeneratedBy/schema:endDate	http://schema.org/endDate	https://amds-ldeo.github.io/geochemBuildingBlocks/build/annotated/BaseSchema/modules/core/schema.yaml
/prov:wasGeneratedBy/schema:object	http://schema.org/object	https://amds-ldeo.github.io/geochemBuildingBlocks/build/annotated/BaseSchema/modules/core/schema.yaml
/prov:wasGeneratedBy/schema:object/_then/schema:name	http://schema.org/name	https://amds-ldeo.github.io/geochemBuildingBlocks/build/annotated/BaseSchema/modules/core/schema.yaml
/prov:wasGeneratedBy/schema:object/_then/schema:identifier	http://schema.org/identifier	https://amds-ldeo.github.io/geochemBuildingBlocks/build/annotated/BaseSchema/modules/core/schema.yaml
/prov:wasGeneratedBy/prov:used	http://www.w3.org/ns/prov#used	https://amds-ldeo.github.io/geochemBuildingBlocks/build/annotated/BaseSchema/modules/compositionQC/schema.yaml
/prov:wasGeneratedBy/prov:used/_then/bios:computationalTool	https://bioschemas.org/computationalTool	https://amds-ldeo.github.io/geochemBuildingBlocks/build/annotated/BaseSchema/modules/core/schema.yaml
/prov:wasGeneratedBy/prov:used/_then/bios:computationalTool/schema:name	http://schema.org/name	https://amds-ldeo.github.io/geochemBuildingBlocks/build/annotated/BaseSchema/geochemProduct/schema.yaml
/prov:wasGeneratedBy/prov:used/_then/bios:computationalTool/schema:version	http://schema.org/version	https://amds-ldeo.github.io/geochemBuildingBlocks/build/annotated/BaseSchema/geochemProduct/schema.yaml
/prov:wasGeneratedBy/prov:used/_then/bios:computationalTool/schema:url	http://schema.org/url	https://amds-ldeo.github.io/geochemBuildingBlocks/build/annotated/BaseSchema/geochemProduct/schema.yaml
/prov:wasGeneratedBy/prov:used/_then/bios:computationalTool/schema:description	http://schema.org/description	https://amds-ldeo.github.io/geochemBuildingBlocks/build/annotated/BaseSchema/geochemProduct/schema.yaml
/prov:wasGeneratedBy/prov:used/_then/bios:computationalTool/ada:toolRole	https://ada.astromat.org/metadata/toolRole	https://amds-ldeo.github.io/geochemBuildingBlocks/build/annotated/BaseSchema/geochemProduct/schema.yaml
/prov:wasGeneratedBy/prov:used/_then/bios:computationalTool/_then/schema:name	http://schema.org/name	https://amds-ldeo.github.io/geochemBuildingBlocks/build/annotated/BaseSchema/modules/core/schema.yaml
/prov:wasGeneratedBy/schema:description	http://schema.org/description	https://amds-ldeo.github.io/geochemBuildingBlocks/build/annotated/BaseSchema/modules/core/schema.yaml
/prov:wasGeneratedBy/schema:actionProcess	http://schema.org/actionProcess	https://amds-ldeo.github.io/geochemBuildingBlocks/build/annotated/BaseSchema/modules/core/schema.yaml
/prov:wasGeneratedBy/schema:actionProcess/schema:step	http://schema.org/step	https://amds-ldeo.github.io/geochemBuildingBlocks/build/annotated/BaseSchema/modules/core/schema.yaml
/prov:wasGeneratedBy/schema:actionProcess/schema:step/_then/schema:description	http://schema.org/description	https://amds-ldeo.github.io/geochemBuildingBlocks/build/annotated/BaseSchema/modules/core/schema.yaml
/schema:measurementTechnique	http://schema.org/measurementTechnique	https://amds-ldeo.github.io/geochemBuildingBlocks/build/annotated/BaseSchema/modules/core/schema.yaml
/schema:measurementTechnique/schema:identifier	http://schema.org/identifier	https://amds-ldeo.github.io/geochemBuildingBlocks/build/annotated/BaseSchema/modules/core/schema.yaml
/schema:contributor	http://schema.org/contributor	https://amds-ldeo.github.io/geochemBuildingBlocks/build/annotated/BaseSchema/modules/core/schema.yaml
/schema:contributor/schema:roleName		https://amds-ldeo.github.io/geochemBuildingBlocks/build/annotated/BaseSchema/modules/core/schema.yaml
/schema:contributor/_then/schema:name	http://schema.org/name	https://amds-ldeo.github.io/geochemBuildingBlocks/build/annotated/BaseSchema/modules/core/schema.yaml
/schema:funding	http://schema.org/funding	https://amds-ldeo.github.io/geochemBuildingBlocks/build/annotated/BaseSchema/modules/core/schema.yaml
/schema:funding/schema:name	http://schema.org/name	https://amds-ldeo.github.io/geochemBuildingBlocks/build/annotated/BaseSchema/modules/core/schema.yaml
/schema:relatedLink	http://schema.org/relatedLink	https://amds-ldeo.github.io/geochemBuildingBlocks/build/annotated/BaseSchema/modules/core/schema.yaml
/schema:relatedLink/_then/schema:target	http://schema.org/target	https://amds-ldeo.github.io/geochemBuildingBlocks/build/annotated/BaseSchema/modules/core/schema.yaml
/schema:relatedLink/_then/schema:target/schema:name	http://schema.org/name	https://amds-ldeo.github.io/geochemBuildingBlocks/build/annotated/BaseSchema/modules/core/schema.yaml
/schema:relatedLink/_then/schema:target/schema:description	http://schema.org/description	https://amds-ldeo.github.io/geochemBuildingBlocks/build/annotated/BaseSchema/modules/core/schema.yaml
/schema:relatedLink/_then/schema:target/schema:url	http://schema.org/url	https://amds-ldeo.github.io/geochemBuildingBlocks/build/annotated/BaseSchema/modules/core/schema.yaml
/prov:wasGeneratedBy/prov:used/_then/schema:instrument	http://schema.org/instrument	https://amds-ldeo.github.io/geochemBuildingBlocks/build/annotated/BaseSchema/modules/icpms/schema.yaml
/prov:wasGeneratedBy/prov:used/_then/schema:instrument/schema:additionalType	http://schema.org/additionalType	https://amds-ldeo.github.io/geochemBuildingBlocks/build/annotated/BaseSchema/instrument/schema.yaml
/prov:wasGeneratedBy/prov:used/_then/schema:instrument/schema:name	http://schema.org/name	https://cross-domain-interoperability-framework.github.io/metadataBuildingBlocks/build/annotated/bbr/metadata/schemaorgProperties/instrument/schema.yaml
/prov:wasGeneratedBy/prov:used/_then/schema:instrument/schema:description	http://schema.org/description	https://cross-domain-interoperability-framework.github.io/metadataBuildingBlocks/build/annotated/bbr/metadata/schemaorgProperties/instrument/schema.yaml
/prov:wasGeneratedBy/prov:used/_then/schema:instrument/schema:alternateName	http://schema.org/alternateName	https://cross-domain-interoperability-framework.github.io/metadataBuildingBlocks/build/annotated/bbr/metadata/schemaorgProperties/instrument/schema.yaml
/prov:wasGeneratedBy/prov:used/_then/schema:instrument/schema:identifier	http://schema.org/identifier	https://cross-domain-interoperability-framework.github.io/metadataBuildingBlocks/build/annotated/bbr/metadata/schemaorgProperties/instrument/schema.yaml
/prov:wasGeneratedBy/prov:used/_then/schema:instrument/schema:identifier/_anyOf/1/schema:propertyID	http://schema.org/propertyID	https://cross-domain-interoperability-framework.github.io/metadataBuildingBlocks/build/annotated/bbr/metadata/schemaorgProperties/identifier/schema.yaml
/prov:wasGeneratedBy/prov:used/_then/schema:instrument/schema:identifier/_anyOf/1/schema:value	http://schema.org/value	https://cross-domain-interoperability-framework.github.io/metadataBuildingBlocks/build/annotated/bbr/metadata/schemaorgProperties/identifier/schema.yaml
/prov:wasGeneratedBy/prov:used/_then/schema:instrument/schema:identifier/_anyOf/1/schema:url	http://schema.org/url	https://cross-domain-interoperability-framework.github.io/metadataBuildingBlocks/build/annotated/bbr/metadata/schemaorgProperties/identifier/schema.yaml
/prov:wasGeneratedBy/prov:used/_then/schema:instrument/schema:url	http://schema.org/url	https://cross-domain-interoperability-framework.github.io/metadataBuildingBlocks/build/annotated/bbr/metadata/schemaorgProperties/instrument/schema.yaml
/prov:wasGeneratedBy/prov:used/_then/schema:instrument/schema:manufacturer	http://schema.org/manufacturer	https://cross-domain-interoperability-framework.github.io/metadataBuildingBlocks/build/annotated/bbr/metadata/schemaorgProperties/instrument/schema.yaml
/prov:wasGeneratedBy/prov:used/_then/schema:instrument/schema:manufacturer/schema:additionalType	http://schema.org/additionalType	https://cross-domain-interoperability-framework.github.io/metadataBuildingBlocks/build/annotated/bbr/metadata/schemaorgProperties/organization/schema.yaml
/prov:wasGeneratedBy/prov:used/_then/schema:instrument/schema:manufacturer/schema:additionalType/_anyOf/1/_anyOf/1/schema:name	http://schema.org/name	https://cross-domain-interoperability-framework.github.io/metadataBuildingBlocks/build/annotated/bbr/metadata/schemaorgProperties/definedTerm/schema.yaml
/prov:wasGeneratedBy/prov:used/_then/schema:instrument/schema:manufacturer/schema:additionalType/_anyOf/1/_anyOf/1/schema:identifier	http://schema.org/identifier	https://cross-domain-interoperability-framework.github.io/metadataBuildingBlocks/build/annotated/bbr/metadata/schemaorgProperties/definedTerm/schema.yaml
/prov:wasGeneratedBy/prov:used/_then/schema:instrument/schema:manufacturer/schema:additionalType/_anyOf/1/_anyOf/1/schema:inDefinedTermSet	http://schema.org/inDefinedTermSet	https://cross-domain-interoperability-framework.github.io/metadataBuildingBlocks/build/annotated/bbr/metadata/schemaorgProperties/definedTerm/schema.yaml
/prov:wasGeneratedBy/prov:used/_then/schema:instrument/schema:manufacturer/schema:additionalType/_anyOf/1/_anyOf/1/schema:termCode	http://schema.org/termCode	https://cross-domain-interoperability-framework.github.io/metadataBuildingBlocks/build/annotated/bbr/metadata/schemaorgProperties/definedTerm/schema.yaml
/prov:wasGeneratedBy/prov:used/_then/schema:instrument/schema:manufacturer/schema:additionalType/_anyOf/1/_anyOf/2/skos:prefLabel		https://cross-domain-interoperability-framework.github.io/metadataBuildingBlocks/build/annotated/bbr/metadata/profiles/cdifProfile/cdifConceptScheme/schema.yaml
/prov:wasGeneratedBy/prov:used/_then/schema:instrument/schema:manufacturer/schema:additionalType/_anyOf/1/_anyOf/2/skos:notation		https://cross-domain-interoperability-framework.github.io/metadataBuildingBlocks/build/annotated/bbr/metadata/profiles/cdifProfile/cdifConceptScheme/schema.yaml
/prov:wasGeneratedBy/prov:used/_then/schema:instrument/schema:manufacturer/schema:additionalType/_anyOf/1/_anyOf/2/skos:definition		https://cross-domain-interoperability-framework.github.io/metadataBuildingBlocks/build/annotated/bbr/metadata/profiles/cdifProfile/cdifConceptScheme/schema.yaml
/prov:wasGeneratedBy/prov:used/_then/schema:instrument/schema:manufacturer/schema:additionalType/_anyOf/1/_anyOf/2/skos:note		https://cross-domain-interoperability-framework.github.io/metadataBuildingBlocks/build/annotated/bbr/metadata/profiles/cdifProfile/cdifConceptScheme/schema.yaml
/prov:wasGeneratedBy/prov:used/_then/schema:instrument/schema:manufacturer/schema:additionalType/_anyOf/1/_anyOf/2/skos:inScheme		https://cross-domain-interoperability-framework.github.io/metadataBuildingBlocks/build/annotated/bbr/metadata/profiles/cdifProfile/cdifConceptScheme/schema.yaml
/prov:wasGeneratedBy/prov:used/_then/schema:instrument/schema:manufacturer/schema:additionalType/_anyOf/1/_anyOf/2/skos:broader		https://cross-domain-interoperability-framework.github.io/metadataBuildingBlocks/build/annotated/bbr/metadata/profiles/cdifProfile/cdifConceptScheme/schema.yaml
/prov:wasGeneratedBy/prov:used/_then/schema:instrument/schema:manufacturer/schema:additionalType/_anyOf/1/_anyOf/2/skos:narrower		https://cross-domain-interoperability-framework.github.io/metadataBuildingBlocks/build/annotated/bbr/metadata/profiles/cdifProfile/cdifConceptScheme/schema.yaml
/prov:wasGeneratedBy/prov:used/_then/schema:instrument/schema:manufacturer/schema:name	http://schema.org/name	https://cross-domain-interoperability-framework.github.io/metadataBuildingBlocks/build/annotated/bbr/metadata/schemaorgProperties/organization/schema.yaml
/prov:wasGeneratedBy/prov:used/_then/schema:instrument/schema:manufacturer/schema:alternateName	http://schema.org/alternateName	https://cross-domain-interoperability-framework.github.io/metadataBuildingBlocks/build/annotated/bbr/metadata/schemaorgProperties/organization/schema.yaml
/prov:wasGeneratedBy/prov:used/_then/schema:instrument/schema:manufacturer/schema:description	http://schema.org/description	https://cross-domain-interoperability-framework.github.io/metadataBuildingBlocks/build/annotated/bbr/metadata/schemaorgProperties/organization/schema.yaml
/prov:wasGeneratedBy/prov:used/_then/schema:instrument/schema:manufacturer/schema:identifier	http://schema.org/identifier	https://cross-domain-interoperability-framework.github.io/metadataBuildingBlocks/build/annotated/bbr/metadata/schemaorgProperties/organization/schema.yaml
/prov:wasGeneratedBy/prov:used/_then/schema:instrument/schema:manufacturer/schema:sameAs	http://schema.org/sameAs	https://cross-domain-interoperability-framework.github.io/metadataBuildingBlocks/build/annotated/bbr/metadata/schemaorgProperties/organization/schema.yaml
/prov:wasGeneratedBy/prov:used/_then/schema:instrument/schema:model	http://schema.org/model	https://cross-domain-interoperability-framework.github.io/metadataBuildingBlocks/build/annotated/bbr/metadata/schemaorgProperties/instrument/schema.yaml
/prov:wasGeneratedBy/prov:used/_then/schema:instrument/schema:model/schema:name	http://schema.org/name	https://cross-domain-interoperability-framework.github.io/metadataBuildingBlocks/build/annotated/bbr/metadata/schemaorgProperties/instrument/schema.yaml
/prov:wasGeneratedBy/prov:used/_then/schema:instrument/schema:model/schema:identifier	http://schema.org/identifier	https://cross-domain-interoperability-framework.github.io/metadataBuildingBlocks/build/annotated/bbr/metadata/schemaorgProperties/instrument/schema.yaml
/prov:wasGeneratedBy/prov:used/_then/schema:instrument/schema:category	http://schema.org/category	https://cross-domain-interoperability-framework.github.io/metadataBuildingBlocks/build/annotated/bbr/metadata/schemaorgProperties/instrument/schema.yaml
/prov:wasGeneratedBy/prov:used/_then/schema:instrument/schema:owner	http://schema.org/owner	https://cross-domain-interoperability-framework.github.io/metadataBuildingBlocks/build/annotated/bbr/metadata/schemaorgProperties/instrument/schema.yaml
/prov:wasGeneratedBy/prov:used/_then/schema:instrument/schema:contributor	http://schema.org/contributor	https://cross-domain-interoperability-framework.github.io/metadataBuildingBlocks/build/annotated/bbr/metadata/schemaorgProperties/instrument/schema.yaml
/prov:wasGeneratedBy/prov:used/_then/schema:instrument/schema:contributor/schema:roleName	http://schema.org/roleName	https://cross-domain-interoperability-framework.github.io/metadataBuildingBlocks/build/annotated/bbr/metadata/schemaorgProperties/agentInRole/schema.yaml
/prov:wasGeneratedBy/prov:used/_then/schema:instrument/schema:contributor/schema:contributor	http://schema.org/contributor	https://cross-domain-interoperability-framework.github.io/metadataBuildingBlocks/build/annotated/bbr/metadata/schemaorgProperties/agentInRole/schema.yaml
/prov:wasGeneratedBy/prov:used/_then/schema:instrument/schema:contributor/schema:contributor/_anyOf/1/schema:name	http://schema.org/name	https://cross-domain-interoperability-framework.github.io/metadataBuildingBlocks/build/annotated/bbr/metadata/schemaorgProperties/person/schema.yaml
/prov:wasGeneratedBy/prov:used/_then/schema:instrument/schema:contributor/schema:contributor/_anyOf/1/schema:description	http://schema.org/description	https://cross-domain-interoperability-framework.github.io/metadataBuildingBlocks/build/annotated/bbr/metadata/schemaorgProperties/person/schema.yaml
/prov:wasGeneratedBy/prov:used/_then/schema:instrument/schema:contributor/schema:contributor/_anyOf/1/schema:identifier	http://schema.org/identifier	https://cross-domain-interoperability-framework.github.io/metadataBuildingBlocks/build/annotated/bbr/metadata/schemaorgProperties/person/schema.yaml
/prov:wasGeneratedBy/prov:used/_then/schema:instrument/schema:contributor/schema:contributor/_anyOf/1/schema:alternateName	http://schema.org/alternateName	https://cross-domain-interoperability-framework.github.io/metadataBuildingBlocks/build/annotated/bbr/metadata/schemaorgProperties/person/schema.yaml
/prov:wasGeneratedBy/prov:used/_then/schema:instrument/schema:contributor/schema:contributor/_anyOf/1/schema:affiliation	http://schema.org/affiliation	https://cross-domain-interoperability-framework.github.io/metadataBuildingBlocks/build/annotated/bbr/metadata/schemaorgProperties/person/schema.yaml
/prov:wasGeneratedBy/prov:used/_then/schema:instrument/schema:contributor/schema:contributor/_anyOf/1/schema:contactPoint	http://schema.org/contactPoint	https://cross-domain-interoperability-framework.github.io/metadataBuildingBlocks/build/annotated/bbr/metadata/schemaorgProperties/person/schema.yaml
/prov:wasGeneratedBy/prov:used/_then/schema:instrument/schema:contributor/schema:contributor/_anyOf/1/schema:contactPoint/schema:email	http://schema.org/email	https://cross-domain-interoperability-framework.github.io/metadataBuildingBlocks/build/annotated/bbr/metadata/schemaorgProperties/person/schema.yaml
/prov:wasGeneratedBy/prov:used/_then/schema:instrument/schema:contributor/schema:contributor/_anyOf/1/schema:sameAs	http://schema.org/sameAs	https://cross-domain-interoperability-framework.github.io/metadataBuildingBlocks/build/annotated/bbr/metadata/schemaorgProperties/person/schema.yaml
/prov:wasGeneratedBy/prov:used/_then/schema:instrument/schema:additionalProperty	http://schema.org/additionalProperty	https://cross-domain-interoperability-framework.github.io/metadataBuildingBlocks/build/annotated/bbr/metadata/schemaorgProperties/instrument/schema.yaml
/prov:wasGeneratedBy/prov:used/_then/schema:instrument/schema:additionalProperty/_anyOf/0/schema:propertyID	http://schema.org/propertyID	https://cross-domain-interoperability-framework.github.io/metadataBuildingBlocks/build/annotated/bbr/metadata/schemaorgProperties/additionalProperty/schema.yaml
/prov:wasGeneratedBy/prov:used/_then/schema:instrument/schema:additionalProperty/_anyOf/0/schema:name	http://schema.org/name	https://cross-domain-interoperability-framework.github.io/metadataBuildingBlocks/build/annotated/bbr/metadata/schemaorgProperties/additionalProperty/schema.yaml
/prov:wasGeneratedBy/prov:used/_then/schema:instrument/schema:additionalProperty/_anyOf/0/schema:value	http://schema.org/value	https://cross-domain-interoperability-framework.github.io/metadataBuildingBlocks/build/annotated/bbr/metadata/schemaorgProperties/additionalProperty/schema.yaml
/prov:wasGeneratedBy/prov:used/_then/schema:instrument/schema:additionalProperty/_anyOf/0/schema:unitCode	http://schema.org/unitCode	https://cross-domain-interoperability-framework.github.io/metadataBuildingBlocks/build/annotated/bbr/metadata/schemaorgProperties/additionalProperty/schema.yaml
/prov:wasGeneratedBy/prov:used/_then/schema:instrument/schema:additionalProperty/_anyOf/0/schema:unitText	http://schema.org/unitText	https://cross-domain-interoperability-framework.github.io/metadataBuildingBlocks/build/annotated/bbr/metadata/schemaorgProperties/additionalProperty/schema.yaml
/prov:wasGeneratedBy/prov:used/_then/schema:instrument/schema:additionalProperty/_anyOf/1/schema:name	http://schema.org/name	https://cross-domain-interoperability-framework.github.io/metadataBuildingBlocks/build/annotated/bbr/metadata/schemaorgProperties/instrument/schema.yaml
/prov:wasGeneratedBy/prov:used/_then/schema:instrument/schema:validFrom	http://schema.org/validFrom	https://cross-domain-interoperability-framework.github.io/metadataBuildingBlocks/build/annotated/bbr/metadata/schemaorgProperties/instrument/schema.yaml
/prov:wasGeneratedBy/prov:used/_then/schema:instrument/schema:validThrough	http://schema.org/validThrough	https://cross-domain-interoperability-framework.github.io/metadataBuildingBlocks/build/annotated/bbr/metadata/schemaorgProperties/instrument/schema.yaml
/prov:wasGeneratedBy/prov:used/_then/schema:instrument/schema:hasPart	http://schema.org/hasPart	https://amds-ldeo.github.io/geochemBuildingBlocks/build/annotated/BaseSchema/instrument/schema.yaml
/prov:wasGeneratedBy/prov:used/_then/schema:instrument/schema:hasPart/_anyOf/0/schema:name	http://schema.org/name	https://amds-ldeo.github.io/geochemBuildingBlocks/build/annotated/BaseSchema/instrument/schema.yaml
/prov:wasGeneratedBy/prov:used/_then/schema:instrument/schema:hasPart/_anyOf/0/schema:description	http://schema.org/description	https://cross-domain-interoperability-framework.github.io/metadataBuildingBlocks/build/annotated/bbr/metadata/schemaorgProperties/instrument/schema.yaml
/prov:wasGeneratedBy/prov:used/_then/schema:instrument/schema:hasPart/_anyOf/0/schema:alternateName	http://schema.org/alternateName	https://cross-domain-interoperability-framework.github.io/metadataBuildingBlocks/build/annotated/bbr/metadata/schemaorgProperties/instrument/schema.yaml
/prov:wasGeneratedBy/prov:used/_then/schema:instrument/schema:hasPart/_anyOf/0/schema:identifier	http://schema.org/identifier	https://cross-domain-interoperability-framework.github.io/metadataBuildingBlocks/build/annotated/bbr/metadata/schemaorgProperties/instrument/schema.yaml
/prov:wasGeneratedBy/prov:used/_then/schema:instrument/schema:hasPart/_anyOf/0/schema:additionalType	http://schema.org/additionalType	https://amds-ldeo.github.io/geochemBuildingBlocks/build/annotated/BaseSchema/instrument/schema.yaml
/prov:wasGeneratedBy/prov:used/_then/schema:instrument/schema:hasPart/_anyOf/0/schema:additionalProperty	http://schema.org/additionalProperty	https://cross-domain-interoperability-framework.github.io/metadataBuildingBlocks/build/annotated/bbr/metadata/schemaorgProperties/instrument/schema.yaml
/prov:wasGeneratedBy/prov:used/_then/schema:instrument/schema:hasPart/_anyOf/0/schema:manufacturer	http://schema.org/manufacturer	https://cross-domain-interoperability-framework.github.io/metadataBuildingBlocks/build/annotated/bbr/metadata/schemaorgProperties/instrument/schema.yaml
/prov:wasGeneratedBy/prov:used/_then/schema:instrument/schema:hasPart/_anyOf/0/schema:model	http://schema.org/model	https://cross-domain-interoperability-framework.github.io/metadataBuildingBlocks/build/annotated/bbr/metadata/schemaorgProperties/instrument/schema.yaml
/prov:wasGeneratedBy/prov:used/_then/schema:instrument/schema:hasPart/_anyOf/0/schema:model/schema:name	http://schema.org/name	https://cross-domain-interoperability-framework.github.io/metadataBuildingBlocks/build/annotated/bbr/metadata/schemaorgProperties/instrument/schema.yaml
/prov:wasGeneratedBy/prov:used/_then/schema:instrument/schema:hasPart/_anyOf/0/schema:model/schema:identifier	http://schema.org/identifier	https://cross-domain-interoperability-framework.github.io/metadataBuildingBlocks/build/annotated/bbr/metadata/schemaorgProperties/instrument/schema.yaml
/prov:wasGeneratedBy/prov:used/_then/schema:instrument/schema:relatedLink	http://schema.org/relatedLink	https://cross-domain-interoperability-framework.github.io/metadataBuildingBlocks/build/annotated/bbr/metadata/schemaorgProperties/instrument/schema.yaml
/prov:wasGeneratedBy/prov:used/_then/schema:instrument/schema:relatedLink/schema:name	http://schema.org/name	https://cross-domain-interoperability-framework.github.io/metadataBuildingBlocks/build/annotated/bbr/metadata/schemaorgProperties/labeledLink/schema.yaml
/prov:wasGeneratedBy/prov:used/_then/schema:instrument/schema:relatedLink/schema:description	http://schema.org/description	https://cross-domain-interoperability-framework.github.io/metadataBuildingBlocks/build/annotated/bbr/metadata/schemaorgProperties/labeledLink/schema.yaml
/prov:wasGeneratedBy/prov:used/_then/schema:instrument/schema:relatedLink/schema:url	http://schema.org/url	https://cross-domain-interoperability-framework.github.io/metadataBuildingBlocks/build/annotated/bbr/metadata/schemaorgProperties/labeledLink/schema.yaml
/prov:wasGeneratedBy/prov:used/_then/schema:instrument/schema:relatedLink/dcat:hadRole	http://www.w3.org/ns/dcat#hadRole	https://cross-domain-interoperability-framework.github.io/metadataBuildingBlocks/build/annotated/bbr/metadata/cdifDataType/cdifReference/schema.yaml
/prov:wasGeneratedBy/prov:used/_then/schema:instrument/schema:relatedLink/dcterms:relation	http://purl.org/dc/terms/relation	https://cross-domain-interoperability-framework.github.io/metadataBuildingBlocks/build/annotated/bbr/metadata/cdifDataType/cdifReference/schema.yaml
/prov:wasGeneratedBy/prov:used/_then/schema:instrument/schema:subjectOf	http://schema.org/subjectOf	https://cross-domain-interoperability-framework.github.io/metadataBuildingBlocks/build/annotated/bbr/metadata/schemaorgProperties/instrument/schema.yaml
/prov:wasGeneratedBy/prov:used/_then/schema:instrument/schema:subjectOf/schema:dateModified	http://schema.org/dateModified	https://cross-domain-interoperability-framework.github.io/metadataBuildingBlocks/build/annotated/bbr/metadata/schemaorgProperties/instrument/schema.yaml
/prov:wasGeneratedBy/prov:used/_then/schema:instrument/schema:subjectOf/schema:about	http://schema.org/about	https://cross-domain-interoperability-framework.github.io/metadataBuildingBlocks/build/annotated/bbr/metadata/schemaorgProperties/instrument/schema.yaml
/prov:wasGeneratedBy/prov:used/_then/schema:instrument/schema:subjectOf/dcterms:conformsTo		https://cross-domain-interoperability-framework.github.io/metadataBuildingBlocks/build/annotated/bbr/metadata/schemaorgProperties/instrument/schema.yaml
/prov:wasGeneratedBy/prov:used/_then/schema:instrument/_then/ada:laserSpotGeometry	https://ada.astromat.org/metadata/laserSpotGeometry	https://amds-ldeo.github.io/geochemBuildingBlocks/build/annotated/BaseSchema/modules/laserAblation/schema.yaml
/prov:wasGeneratedBy/prov:used/_then/schema:instrument/_then/ada:laserFluence	https://ada.astromat.org/metadata/laserFluence	https://amds-ldeo.github.io/geochemBuildingBlocks/build/annotated/BaseSchema/modules/laserAblation/schema.yaml
/prov:wasGeneratedBy/prov:used/_then/schema:instrument/_then/ada:laserRepetitionRate	https://ada.astromat.org/metadata/laserRepetitionRate	https://amds-ldeo.github.io/geochemBuildingBlocks/build/annotated/BaseSchema/modules/laserAblation/schema.yaml
/prov:wasGeneratedBy/ada:ablationSpotDuration	https://ada.astromat.org/metadata/ablationSpotDuration	https://amds-ldeo.github.io/geochemBuildingBlocks/build/annotated/BaseSchema/modules/laserAblation/schema.yaml
/prov:wasGeneratedBy/ada:ablationPitDepthRate	https://ada.astromat.org/metadata/ablationPitDepthRate	https://amds-ldeo.github.io/geochemBuildingBlocks/build/annotated/BaseSchema/modules/laserAblation/schema.yaml
/prov:wasGeneratedBy/ada:rasterLineSpacing	https://ada.astromat.org/metadata/rasterLineSpacing	https://amds-ldeo.github.io/geochemBuildingBlocks/build/annotated/BaseSchema/modules/laserAblation/schema.yaml
/ada:spotDiameterMeasured	https://ada.astromat.org/metadata/spotDiameterMeasured	https://amds-ldeo.github.io/geochemBuildingBlocks/build/annotated/BaseSchema/modules/laserAblation/schema.yaml
/dqv:hasQualityMeasurement	http://www.w3.org/ns/dqv#hasQualityMeasurement	https://amds-ldeo.github.io/geochemBuildingBlocks/build/annotated/BaseSchema/modules/icpms/schema.yaml
/dqv:hasQualityMeasurement/dqv:isMeasurementOf		https://amds-ldeo.github.io/geochemBuildingBlocks/build/annotated/BaseSchema/modules/mcIcpms/schema.yaml
/dqv:hasQualityMeasurement/_then/dqv:value	http://www.w3.org/ns/dqv#value	https://amds-ldeo.github.io/geochemBuildingBlocks/build/annotated/BaseSchema/modules/icpms/schema.yaml
/schema:variableMeasured	http://schema.org/variableMeasured	https://amds-ldeo.github.io/geochemBuildingBlocks/build/annotated/BaseSchema/modules/compositionQC/schema.yaml
/schema:variableMeasured/_then/schema:value	http://schema.org/value	https://amds-ldeo.github.io/geochemBuildingBlocks/build/annotated/BaseSchema/modules/compositionQC/schema.yaml
/schema:variableMeasured/schema:name		https://amds-ldeo.github.io/geochemBuildingBlocks/build/annotated/BaseSchema/modules/aggregation/schema.yaml
/prov:wasGeneratedBy/prov:used/_then/schema:instrument/_then/schema:identifier	http://schema.org/identifier	https://amds-ldeo.github.io/geochemBuildingBlocks/build/annotated/BaseSchema/modules/icpms/schema.yaml
/ada:sensitivityYield	https://ada.astromat.org/metadata/sensitivityYield	https://amds-ldeo.github.io/geochemBuildingBlocks/build/annotated/BaseSchema/modules/icpms/schema.yaml
/prov:wasGeneratedBy/prov:used/_then/prov:reagent	http://www.w3.org/ns/prov#reagent	https://amds-ldeo.github.io/geochemBuildingBlocks/build/annotated/BaseSchema/modules/compositionQC/schema.yaml
/prov:wasGeneratedBy/prov:used/_then/prov:reagent/schema:name	http://schema.org/name	https://amds-ldeo.github.io/geochemBuildingBlocks/build/annotated/BaseSchema/geochemProduct/schema.yaml
/prov:wasGeneratedBy/prov:used/_then/prov:reagent/schema:description	http://schema.org/description	https://amds-ldeo.github.io/geochemBuildingBlocks/build/annotated/BaseSchema/geochemProduct/schema.yaml
/prov:wasGeneratedBy/prov:used/_then/prov:reagent/schema:identifier	http://schema.org/identifier	https://amds-ldeo.github.io/geochemBuildingBlocks/build/annotated/BaseSchema/geochemProduct/schema.yaml
/prov:wasGeneratedBy/prov:used/_then/prov:reagent/schema:identifier/_anyOf/1/schema:propertyID	http://schema.org/propertyID	https://amds-ldeo.github.io/geochemBuildingBlocks/build/annotated/BaseSchema/geochemProduct/schema.yaml
/prov:wasGeneratedBy/prov:used/_then/prov:reagent/schema:identifier/_anyOf/1/schema:value	http://schema.org/value	https://amds-ldeo.github.io/geochemBuildingBlocks/build/annotated/BaseSchema/geochemProduct/schema.yaml
/prov:wasGeneratedBy/prov:used/_then/prov:reagent/schema:termCode	http://schema.org/termCode	https://amds-ldeo.github.io/geochemBuildingBlocks/build/annotated/BaseSchema/geochemProduct/schema.yaml
/prov:wasGeneratedBy/prov:used/_then/prov:reagent/schema:inDefinedTermSet	http://schema.org/inDefinedTermSet	https://amds-ldeo.github.io/geochemBuildingBlocks/build/annotated/BaseSchema/geochemProduct/schema.yaml
/prov:wasGeneratedBy/prov:used/_then/prov:reagent/schema:inDefinedTermSet/_anyOf/1/schema:name	http://schema.org/name	https://amds-ldeo.github.io/geochemBuildingBlocks/build/annotated/BaseSchema/geochemProduct/schema.yaml
/prov:wasGeneratedBy/prov:used/_then/prov:reagent/ada:reagentRole	https://ada.astromat.org/metadata/reagentRole	https://amds-ldeo.github.io/geochemBuildingBlocks/build/annotated/BaseSchema/geochemProduct/schema.yaml
/prov:wasGeneratedBy/prov:used/_then/prov:reagent/_then/schema:name	http://schema.org/name	https://amds-ldeo.github.io/geochemBuildingBlocks/build/annotated/BaseSchema/modules/compositionQC/schema.yaml
/prov:wasGeneratedBy/schema:object/_then/schema:additionalProperty		/github/workspace/build/annotated/techniqueProfile/geochemProfile/LA-MC-ICPMS/detail/schema.yaml
/prov:wasGeneratedBy/schema:object/_then/schema:additionalProperty/schema:propertyID	http://schema.org/propertyID	https://amds-ldeo.github.io/geochemBuildingBlocks/build/annotated/BaseSchema/modules/laserAblation/schema.yaml
/prov:wasGeneratedBy/schema:object/_then/schema:additionalProperty/schema:name	http://schema.org/name	https://amds-ldeo.github.io/geochemBuildingBlocks/build/annotated/BaseSchema/modules/laserAblation/schema.yaml
/prov:wasGeneratedBy/schema:object/_then/schema:additionalProperty/schema:value	http://schema.org/value	https://amds-ldeo.github.io/geochemBuildingBlocks/build/annotated/BaseSchema/modules/laserAblation/schema.yaml
/prov:wasGeneratedBy/schema:additionalProperty		/github/workspace/build/annotated/techniqueProfile/geochemProfile/LA-MC-ICPMS/detail/schema.yaml
/prov:wasGeneratedBy/schema:additionalProperty/schema:propertyID	http://schema.org/propertyID	https://amds-ldeo.github.io/geochemBuildingBlocks/build/annotated/BaseSchema/modules/laserAblation/schema.yaml
/prov:wasGeneratedBy/schema:additionalProperty/schema:name	http://schema.org/name	https://amds-ldeo.github.io/geochemBuildingBlocks/build/annotated/BaseSchema/modules/laserAblation/schema.yaml
/prov:wasGeneratedBy/schema:additionalProperty/schema:value	http://schema.org/value	https://amds-ldeo.github.io/geochemBuildingBlocks/build/annotated/BaseSchema/modules/laserAblation/schema.yaml
/prov:wasGeneratedBy/schema:additionalProperty/schema:unitText	http://schema.org/unitText	https://amds-ldeo.github.io/geochemBuildingBlocks/build/annotated/BaseSchema/modules/laserAblation/schema.yaml
/prov:wasGeneratedBy/schema:additionalProperty/_anyOf/8/schema:propertyID		/github/workspace/build/annotated/techniqueProfile/geochemProfile/LA-MC-ICPMS/detail/schema.yaml
/prov:wasGeneratedBy/schema:additionalProperty/_anyOf/8/schema:name		/github/workspace/build/annotated/techniqueProfile/geochemProfile/LA-MC-ICPMS/detail/schema.yaml
/prov:wasGeneratedBy/schema:additionalProperty/_anyOf/8/schema:value		/github/workspace/build/annotated/techniqueProfile/geochemProfile/LA-MC-ICPMS/detail/schema.yaml
/prov:wasGeneratedBy/prov:used/_then/schema:instrument/_then/schema:hasPart		/github/workspace/build/annotated/techniqueProfile/geochemProfile/LA-MC-ICPMS/detail/schema.yaml
/prov:wasGeneratedBy/prov:used/_then/schema:instrument/_then/schema:hasPart/schema:additionalType		/github/workspace/build/annotated/techniqueProfile/geochemProfile/LA-MC-ICPMS/detail/schema.yaml
/prov:wasGeneratedBy/prov:used/_then/schema:instrument/_then/schema:hasPart/_then/schema:additionalProperty		/github/workspace/build/annotated/techniqueProfile/geochemProfile/LA-MC-ICPMS/detail/schema.yaml
/prov:wasGeneratedBy/prov:used/_then/schema:instrument/_then/schema:hasPart/_then/schema:additionalProperty/schema:propertyID	http://schema.org/propertyID	https://amds-ldeo.github.io/geochemBuildingBlocks/build/annotated/BaseSchema/modules/icpms/schema.yaml
/prov:wasGeneratedBy/prov:used/_then/schema:instrument/_then/schema:hasPart/_then/schema:additionalProperty/schema:name	http://schema.org/name	https://amds-ldeo.github.io/geochemBuildingBlocks/build/annotated/BaseSchema/modules/icpms/schema.yaml
/prov:wasGeneratedBy/prov:used/_then/schema:instrument/_then/schema:hasPart/_then/schema:additionalProperty/schema:value	http://schema.org/value	https://amds-ldeo.github.io/geochemBuildingBlocks/build/annotated/BaseSchema/modules/icpms/schema.yaml
/prov:wasGeneratedBy/prov:used/_then/schema:instrument/_then/schema:hasPart/_then/schema:additionalProperty/schema:unitText	http://schema.org/unitText	https://amds-ldeo.github.io/geochemBuildingBlocks/build/annotated/BaseSchema/modules/collisionCell/schema.yaml
/prov:wasGeneratedBy/prov:used/_then/schema:instrument/_then/schema:hasPart/_then/ada:collectorConfiguration		/github/workspace/build/annotated/techniqueProfile/geochemProfile/LA-MC-ICPMS/detail/schema.yaml
/prov:wasGeneratedBy/prov:used/_then/schema:instrument/_then/schema:hasPart/_then/ada:collectorConfiguration/schema:propertyID		/github/workspace/build/annotated/techniqueProfile/geochemProfile/LA-MC-ICPMS/detail/schema.yaml
/prov:wasGeneratedBy/prov:used/_then/schema:instrument/_then/schema:hasPart/_then/ada:collectorConfiguration/schema:name		/github/workspace/build/annotated/techniqueProfile/geochemProfile/LA-MC-ICPMS/detail/schema.yaml
/prov:wasGeneratedBy/prov:used/_then/schema:instrument/_then/schema:hasPart/_then/ada:collectorConfiguration/ada:dataType		/github/workspace/build/annotated/techniqueProfile/geochemProfile/LA-MC-ICPMS/detail/schema.yaml
/prov:wasGeneratedBy/prov:used/_then/schema:instrument/_then/schema:hasPart/_then/ada:collectorConfiguration/ada:tier		/github/workspace/build/annotated/techniqueProfile/geochemProfile/LA-MC-ICPMS/detail/schema.yaml
/prov:wasGeneratedBy/prov:used/_then/schema:instrument/_then/schema:hasPart/_then/ada:collectorConfiguration/schema:value		/github/workspace/build/annotated/techniqueProfile/geochemProfile/LA-MC-ICPMS/detail/schema.yaml
/prov:wasGeneratedBy/prov:used/_then/schema:instrument/_then/schema:hasPart/_then/ada:collectorConfiguration/_anyOf/0/schema:propertyID		/github/workspace/build/annotated/techniqueProfile/geochemProfile/LA-MC-ICPMS/detail/schema.yaml
/prov:wasGeneratedBy/prov:used/_then/schema:instrument/_then/schema:hasPart/_then/ada:collectorConfiguration/_anyOf/0/schema:name		/github/workspace/build/annotated/techniqueProfile/geochemProfile/LA-MC-ICPMS/detail/schema.yaml
/prov:wasGeneratedBy/prov:used/_then/schema:instrument/_then/schema:hasPart/_then/ada:collectorConfiguration/_anyOf/0/ada:dataType		/github/workspace/build/annotated/techniqueProfile/geochemProfile/LA-MC-ICPMS/detail/schema.yaml
/prov:wasGeneratedBy/prov:used/_then/schema:instrument/_then/schema:hasPart/_then/ada:collectorConfiguration/_anyOf/0/ada:tier		/github/workspace/build/annotated/techniqueProfile/geochemProfile/LA-MC-ICPMS/detail/schema.yaml
/prov:wasGeneratedBy/prov:used/_then/schema:instrument/_then/schema:hasPart/_then/ada:collectorConfiguration/_anyOf/0/schema:value		/github/workspace/build/annotated/techniqueProfile/geochemProfile/LA-MC-ICPMS/detail/schema.yaml
/prov:wasGeneratedBy/prov:used/_then/schema:instrument/_then/schema:hasPart/_then/ada:collectorConfiguration/_anyOf/1/schema:propertyID		/github/workspace/build/annotated/techniqueProfile/geochemProfile/LA-MC-ICPMS/detail/schema.yaml
/prov:wasGeneratedBy/prov:used/_then/schema:instrument/_then/schema:hasPart/_then/ada:collectorConfiguration/_anyOf/1/schema:name		/github/workspace/build/annotated/techniqueProfile/geochemProfile/LA-MC-ICPMS/detail/schema.yaml
/prov:wasGeneratedBy/prov:used/_then/schema:instrument/_then/schema:hasPart/_then/ada:collectorConfiguration/_anyOf/1/ada:dataType		/github/workspace/build/annotated/techniqueProfile/geochemProfile/LA-MC-ICPMS/detail/schema.yaml
/prov:wasGeneratedBy/prov:used/_then/schema:instrument/_then/schema:hasPart/_then/ada:collectorConfiguration/_anyOf/1/ada:tier		/github/workspace/build/annotated/techniqueProfile/geochemProfile/LA-MC-ICPMS/detail/schema.yaml
/prov:wasGeneratedBy/prov:used/_then/schema:instrument/_then/schema:hasPart/_then/ada:collectorConfiguration/_anyOf/1/schema:value		/github/workspace/build/annotated/techniqueProfile/geochemProfile/LA-MC-ICPMS/detail/schema.yaml
/prov:wasGeneratedBy/prov:used/_then/schema:instrument/_then/schema:additionalProperty		/github/workspace/build/annotated/techniqueProfile/geochemProfile/LA-MC-ICPMS/detail/schema.yaml
/prov:wasGeneratedBy/prov:used/_then/schema:instrument/_then/schema:additionalProperty/schema:propertyID	http://schema.org/propertyID	https://amds-ldeo.github.io/geochemBuildingBlocks/build/annotated/BaseSchema/modules/laserAblation/schema.yaml
/prov:wasGeneratedBy/prov:used/_then/schema:instrument/_then/schema:additionalProperty/schema:name	http://schema.org/name	https://amds-ldeo.github.io/geochemBuildingBlocks/build/annotated/BaseSchema/modules/laserAblation/schema.yaml
/prov:wasGeneratedBy/prov:used/_then/schema:instrument/_then/schema:additionalProperty/schema:value	http://schema.org/value	https://amds-ldeo.github.io/geochemBuildingBlocks/build/annotated/BaseSchema/modules/laserAblation/schema.yaml
/prov:wasGeneratedBy/prov:used/_then/schema:instrument/_then/schema:additionalProperty/_anyOf/0/schema:propertyID		/github/workspace/build/annotated/techniqueProfile/geochemProfile/LA-MC-ICPMS/detail/schema.yaml
/prov:wasGeneratedBy/prov:used/_then/schema:instrument/_then/schema:additionalProperty/_anyOf/0/schema:name		/github/workspace/build/annotated/techniqueProfile/geochemProfile/LA-MC-ICPMS/detail/schema.yaml
/prov:wasGeneratedBy/prov:used/_then/schema:instrument/_then/schema:additionalProperty/_anyOf/0/schema:value		/github/workspace/build/annotated/techniqueProfile/geochemProfile/LA-MC-ICPMS/detail/schema.yaml
/prov:wasGeneratedBy/prov:used/_then/schema:instrument/_then/schema:additionalProperty/_anyOf/1/schema:propertyID		/github/workspace/build/annotated/techniqueProfile/geochemProfile/LA-MC-ICPMS/detail/schema.yaml
/prov:wasGeneratedBy/prov:used/_then/schema:instrument/_then/schema:additionalProperty/_anyOf/1/schema:name		/github/workspace/build/annotated/techniqueProfile/geochemProfile/LA-MC-ICPMS/detail/schema.yaml
/prov:wasGeneratedBy/prov:used/_then/schema:instrument/_then/schema:additionalProperty/_anyOf/1/schema:value		/github/workspace/build/annotated/techniqueProfile/geochemProfile/LA-MC-ICPMS/detail/schema.yaml
/prov:wasGeneratedBy/prov:used/_then/schema:instrument/_then/schema:additionalProperty/schema:unitText	http://schema.org/unitText	https://amds-ldeo.github.io/geochemBuildingBlocks/build/annotated/BaseSchema/modules/laserAblation/schema.yaml
/prov:wasGeneratedBy/schema:actionProcess/schema:step/_then/schema:additionalProperty		/github/workspace/build/annotated/techniqueProfile/geochemProfile/LA-MC-ICPMS/detail/schema.yaml
/prov:wasGeneratedBy/schema:actionProcess/schema:step/_then/schema:additionalProperty/schema:propertyID	http://schema.org/propertyID	https://amds-ldeo.github.io/geochemBuildingBlocks/build/annotated/BaseSchema/modules/icpms/schema.yaml
/prov:wasGeneratedBy/schema:actionProcess/schema:step/_then/schema:additionalProperty/schema:name	http://schema.org/name	https://amds-ldeo.github.io/geochemBuildingBlocks/build/annotated/BaseSchema/modules/icpms/schema.yaml
/prov:wasGeneratedBy/schema:actionProcess/schema:step/_then/schema:additionalProperty/schema:value	http://schema.org/value	https://amds-ldeo.github.io/geochemBuildingBlocks/build/annotated/BaseSchema/modules/icpms/schema.yaml
/prov:wasGeneratedBy/ada:proceduralBlankLevel		/github/workspace/build/annotated/techniqueProfile/geochemProfile/LA-MC-ICPMS/detail/schema.yaml
