Metadata Item,Protocol Tier,Analysis Tier,Data Type,Schema Path,Source,Scope,Notes,Key by
Procedure Name,Basic,Read-Only,Text (free),$MethodDefinition.schema:name,inferred,,path from owning module,
Technique,Basic,Read-Only,Controlled list,$MethodDefinition.schema:measurementTechnique.schema:DefinedTerm.schema:termCode,authored,shared,path from owning module,
Procedure Author,Basic,Read-Only,Text (free),$MethodDefinition.schema:creator.schema:name,inferred,,path from owning module,
Laboratory,Basic,Editable,Text (free),$Dataset.prov:wasGeneratedBy.schema:location.schema:Place[schema:additionalType='Laboratory'].schema:name,authored,shared,dual-home decision: protocol default | path from owning module,
Laboratory,Basic,Editable,Text (free),$MethodDefinition.schema:location.schema:Place[schema:additionalType='Default Laboratory'].schema:name,authored,shared,dual-home decision: protocol default | path from owning module,
Laboratory ID,Advanced,Editable,URI / DOI,$Dataset.prov:wasGeneratedBy.schema:location.schema:Place[schema:additionalType='Laboratory'].schema:identifier,authored,shared,dual-home decision: protocol default | path from owning module,
Laboratory ID,Advanced,Editable,URI / DOI,$MethodDefinition.schema:location.schema:Place[schema:additionalType='Default Laboratory'].schema:identifier,authored,shared,dual-home decision: protocol default | path from owning module,
Procedure Start Date,Basic,Read-Only,Date,$MethodDefinition.schema:datePublished,inferred,,path from owning module,
Funding Source for Procedure Development,Advanced,Read-Only,Text (free),$MethodDefinition.schema:funding[].schema:MonetaryGrant.schema:name,inferred,,path from owning module,
Procedure Reference(s),Advanced,Read-Only,URI / DOI,$MethodDefinition.schema:relatedLink[schema:linkRelationship='techniquePublication'].schema:target.schema:name,inferred,,path from owning module,
Procedure DOI,N/A,Basic,URI / DOI,$Dataset.schema:measurementTechnique.schema:DefinedTerm.schema:identifier,inferred,,path from owning module,
Session Identifier,N/A,Basic,Text (free),$Dataset.prov:wasGeneratedBy.schema:identifier,flagged,,analysis-instance (needs mapping) | path from owning module,
Analyst,N/A,Basic,Text (free),$Dataset.schema:contributor[schema:roleName='analyst'].schema:name,authored,shared,path from owning module,
Analysis Start Date,N/A,Basic,Date,$Dataset.prov:wasGeneratedBy.schema:startDate,authored,shared,path from owning module,
Analysis End Date,N/A,Basic,Date,$Dataset.prov:wasGeneratedBy.schema:endDate,authored,shared,path from owning module,
Funding Source for Analysis,N/A,Basic,Text (free),$Dataset.schema:funding,authored,shared,path from owning module,
Coupled Technique(s),Advanced,Editable,Controlled list / Text,$Dataset.schema:relatedLink[schema:linkRelationship='coupledTechnique'].schema:target.schema:name,authored,shared,dual-home decision: protocol default | path from owning module,
Coupled Technique(s),Advanced,Editable,Controlled list / Text,$MethodDefinition.schema:relatedLink[schema:linkRelationship='coupledTechnique'].schema:target.schema:name,authored,shared,dual-home decision: protocol default | path from owning module,
Coupling Description,Advanced,Editable,Text (free),$Dataset.schema:relatedLink[schema:linkRelationship='coupledTechnique'].schema:target.schema:description,authored,shared,dual-home decision: protocol default | path from owning module,
Coupling Description,Advanced,Editable,Text (free),$MethodDefinition.schema:relatedLink[schema:linkRelationship='coupledTechnique'].schema:target.schema:description,authored,shared,dual-home decision: protocol default | path from owning module,
Coupled Procedure DOI,N/A,Advanced,URI / DOI,$Dataset.schema:relatedLink[schema:linkRelationship='coupledProcedure'].schema:target.schema:url,inferred,,path from owning module,
Coupled Dataset or Publication Reference,N/A,Advanced,URI / DOI / Text,$Dataset.schema:relatedLink[schema:linkRelationship='coupledDataset'].schema:target,authored,shared,path from owning module,
Target Material,Basic,Read-Only,Controlled list / Text,$MethodDefinition.schema:object[@type='https://w3id.org/isample/vocabulary/materialsampleobjecttype/materialsample'].schema:additionalProperty[schema:name='Target Material'].schema:value[],authored,shared,,
Sample Form / Analytical Substrate,Basic,Editable,Controlled list,$MethodDefinition.schema:object[@type='https://w3id.org/isample/vocabulary/materialsampleobjecttype/materialsample'].schema:additionalProperty[schema:name='Sample Form Analytical Substrate'].schema:defaultValue,authored,,dual-home decision: protocol default,
Sample Form / Analytical Substrate,Basic,Editable,Controlled list,$Dataset.prov:wasGeneratedBy.schema:object[@type='https://w3id.org/isample/vocabulary/materialsampleobjecttype/materialsample'].schema:additionalProperty[schema:name='Sample Form Analytical Substrate'].schema:value,authored,,dual-home decision: analysis-tier value,
Sample Name,N/A,Basic,Text (free),$Dataset.prov:wasGeneratedBy.schema:object[@type='https://w3id.org/isample/vocabulary/materialsampleobjecttype/materialsample'].schema:name,authored,shared,,defines: sample
Sampling Unit,Basic,Basic,Controlled list / Text,$MethodDefinition.ada:samplingUnit,inferred,,,defines: sampling unit
Sample Persistent Identifier,Advanced,Advanced,URI / IGSN,$Dataset.prov:wasGeneratedBy.schema:object[@type='https://w3id.org/isample/vocabulary/materialsampleobjecttype/materialsample'].schema:identifier,authored,shared,,sample
Fusion Flux and Dilution Ratio,Advanced,Editable,Text (free),$MethodDefinition.schema:actionProcess.schema:step[schema:name='Sample preparation'].schema:additionalProperty[schema:name='Fusion Flux and Dilution Ratio'].schema:defaultValue,authored,,dual-home decision: protocol default,
Fusion Flux and Dilution Ratio,Advanced,Editable,Text (free),$Dataset.prov:wasGeneratedBy.schema:actionProcess.schema:step[schema:name='Sample preparation'].schema:additionalProperty[schema:name='Fusion Flux and Dilution Ratio'].schema:value,authored,,dual-home decision: analysis-tier value,
Sample Preparation Method,Basic,Editable,Text (free),$MethodDefinition.schema:actionProcess.schema:step[schema:name='Sample preparation'].schema:description,authored,divergent,dual-home decision: protocol default,
Sample Preparation Method,Basic,Editable,Text (free),$Dataset.prov:wasGeneratedBy.schema:actionProcess.schema:step[schema:name='Sample preparation'].schema:description,authored,divergent,dual-home decision: analysis-tier value,
Pre-Ablation Surface Treatment,Advanced,Editable,Text (free),$Dataset.prov:wasGeneratedBy.schema:actionProcess.schema:step[schema:name='Sample preparation'].schema:additionalProperty[schema:name='Pre Ablation Surface Treatment'].schema:value,authored,shared,dual-home decision: protocol default | path from owning module,
Pre-Ablation Surface Treatment,Advanced,Editable,Text (free),$MethodDefinition.schema:actionProcess.schema:step[schema:name='Sample preparation'].schema:additionalProperty[schema:name='Pre Ablation Surface Treatment'].schema:defaultValue,authored,shared,dual-home decision: protocol default | path from owning module,
Target Selection Criteria,Basic,Editable,Text (free),$Dataset.prov:wasGeneratedBy.schema:additionalProperty[schema:name='Target Selection Criteria'].schema:value,inferred,,path from owning module,
Target Selection Criteria,Basic,Editable,Text (free),$MethodDefinition.ada:targetSelectionCriteriaDefault,inferred,,path from owning module,
Pre-Analysis Imaging and Screening,Advanced,Editable,Text (free),$Dataset.prov:wasGeneratedBy.schema:additionalProperty[schema:name='Pre-Analysis Imaging and Screening'].schema:value,inferred,,path from owning module,sample
Pre-Analysis Imaging and Screening,Advanced,Editable,Text (free),$MethodDefinition.schema:additionalProperty[schema:name='Pre-Analysis Imaging and Screening'].schema:defaultValue,inferred,,path from owning module,sample
Chemical Abrasion Conditions,Basic,Read-Only,Text (free),$MethodDefinition.schema:actionProcess.schema:step[schema:name='Sample preparation'].ada:chemicalAbrasionConditions,inferred,,path from owning module,
Laser Manufacturer & Model,Basic,Read-Only,Text (free),$MethodDefinition.schema:instrument[schema:additionalType='Laser Ablation System'].schema:model.schema:name,authored,shared,path from owning module,
Instrument Model,Basic,Read-Only,Text (free),$MethodDefinition.schema:instrument[schema:additionalType='ICPMS'].schema:model.schema:name,authored,shared,,
ICP-MS Type,Basic,Read-Only,Controlled list,$MethodDefinition.schema:instrument[schema:additionalType='ICPMS'].schema:additionalType,authored,shared,,
Instrument Serial Number or Lab Identifier,Advanced,Editable,Text (free),$MethodDefinition.schema:instrument[schema:additionalType='ICPMS'].schema:additionalProperty[schema:name='Instrument Serial Number or Lab Identifier'].schema:defaultValue,authored,shared,dual-home decision: protocol default,
Instrument Serial Number or Lab Identifier,Advanced,Editable,Text (free),$Dataset.prov:wasGeneratedBy.prov:used.schema:instrument[schema:additionalType='ICPMS'].schema:identifier,authored,shared,dual-home decision: analysis-tier value,
Interface Cone Configuration,Basic,Read-Only,Text (free),$MethodDefinition.schema:instrument[schema:additionalType='ICPMS'].schema:hasPart[schema:additionalType='Interface Cone'].schema:additionalProperty[schema:name='Configuration'].schema:value,authored,shared,,
Sampler and Skimmer Cone Material,Advanced,Read-Only,Text (free),$MethodDefinition.schema:instrument[schema:additionalType='ICPMS'].schema:hasPart[schema:additionalType='Interface Cone'].schema:additionalProperty[schema:name='Sampler and Skimmer Cone Material'].schema:value,authored,shared,,
Torch Depth,Advanced,Editable,Text (free),$MethodDefinition.schema:instrument[schema:additionalType='ICPMS'].schema:hasPart[schema:additionalType='Torch'].schema:additionalProperty[schema:name='Torch Depth'].schema:defaultValue,authored,shared,dual-home decision: protocol default,
Torch Depth,Advanced,Editable,Text (free),$Dataset.prov:wasGeneratedBy.prov:used.schema:instrument[schema:additionalType='ICPMS'].schema:hasPart[schema:additionalType='Torch'].schema:additionalProperty[schema:name='Torch Depth'].schema:value,authored,shared,dual-home decision: analysis-tier value,
Torch Type,Advanced,Read-Only,Text (free),$MethodDefinition.schema:instrument[schema:additionalType='ICPMS'].schema:hasPart[schema:additionalType='Torch'].schema:name,authored,shared,,
Guard Electrode,Basic,Read-Only,Controlled list,$MethodDefinition.schema:actionProcess.schema:step[schema:name='Data acquisition'].schema:additionalProperty[schema:name='Guard Electrode'].schema:value,authored,shared,,
Mass Resolution Setting,Basic,Editable,Text (free),$MethodDefinition.schema:instrument[schema:additionalType='ICPMS'].schema:additionalProperty[schema:name='Mass Resolution Setting'].schema:defaultValue,authored,divergent,dual-home decision: protocol default,
Mass Resolution Setting,Basic,Editable,Text (free),$Dataset.prov:wasGeneratedBy.prov:used.schema:instrument[schema:additionalType='ICPMS'].schema:additionalProperty[schema:name='Mass Resolution Setting'].schema:value,authored,divergent,dual-home decision: analysis-tier value,
Detector Configuration,Basic,Read-Only,Text (free),$MethodDefinition.schema:instrument[schema:additionalType='ICPMS'].schema:additionalProperty[schema:name='Detector Configuration'].schema:value,authored,shared,,
Collision/Reaction Cell (CRC) Configuration,Basic,Read-Only,Controlled list,$MethodDefinition.schema:instrument[schema:additionalType='ICPMS'].schema:hasPart[schema:additionalType='Collision Reaction Cell'].schema:name,authored,shared,,channel
Laser Wavelength and Type,Basic,Read-Only,Text (free),$MethodDefinition.schema:instrument[schema:additionalType='Laser Ablation System'].ada:laserType,authored,shared,path from owning module,
Acquisition Software,Basic,Editable,Text (free),$MethodDefinition.bios:computationalTool[ada:toolRole='acquisition'].schema:name,authored,shared,dual-home decision: protocol default,
Acquisition Software,Basic,Editable,Text (free),$Dataset.prov:wasGeneratedBy.prov:used.bios:computationalTool[ada:toolRole='acquisition'].schema:name,authored,shared,dual-home decision: analysis-tier value,
Data Processing Software(s),Basic,Editable,Text (free),$MethodDefinition.bios:computationalTool[ada:toolRole='dataReduction'].schema:name,authored,shared,dual-home decision: protocol default,
Data Processing Software(s),Basic,Editable,Text (free),$Dataset.prov:wasGeneratedBy.prov:used.bios:computationalTool[ada:toolRole='dataReduction'].schema:name,authored,shared,dual-home decision: analysis-tier value,
Ablation Cell Type,Basic,Read-Only,Text (free),$MethodDefinition.schema:instrument[schema:additionalType='Laser Ablation System'].schema:name,authored,shared,path from owning module,
Sample Introduction,Basic,Read-Only,Text (free),$MethodDefinition.ada:sampleIntroduction,inferred,,,
Faraday Cup Array Configuration,Basic,Read-Only,Text (free),$MethodDefinition.schema:instrument[schema:additionalType='ICPMS'].schema:hasPart[schema:additionalType='Collector'].schema:additionalProperty[schema:name='Faraday Cup Array Configuration'].schema:value,inferred,,path from owning module,
Faraday Cup Amplifier Resistor Values,Basic,Read-Only,Text (free),$MethodDefinition.schema:instrument[schema:additionalType='ICPMS'].schema:hasPart[schema:additionalType='Collector'].schema:additionalProperty[schema:name='Faraday Cup Amplifier Resistor Values'].schema:value,inferred,,path from owning module,channel
Faraday Cup Gain Calibration Method,Basic,Read-Only,Text (free),$MethodDefinition.schema:actionProcess.schema:step[schema:name='Data reduction'].schema:additionalProperty[schema:name='Faraday Cup Gain Calibration Method'].schema:value,inferred,,path from owning module,channel
Analytical Mode,Basic,Read-Only,Controlled list,$MethodDefinition.ada:analyticalMode[],authored,shared,,
Laser Spot Geometry,Basic,Editable,Text (free),$Dataset.prov:wasGeneratedBy.prov:used[schema:additionalType='Laser Ablation System'].ada:laserSpotGeometry,authored,,dual-home decision: protocol default | path from owning module,
Laser Spot Geometry,Basic,Editable,Text (free),$MethodDefinition.schema:instrument[schema:additionalType='Laser Ablation System'].ada:laserSpotGeometryDefault,authored,,dual-home decision: protocol default | path from owning module,
Spot Diameter (Measured),N/A,Basic,Numeric (µm),$Dataset.ada:spotDiameterMeasured,authored,,path from owning module,
Laser Spot Path / Ablation Mode,Basic,Read-Only,Controlled list,$MethodDefinition.ada:ablationSamplingMode[],authored,shared,path from owning module,
Laser Energy,Advanced,Editable,Numeric (mJ),$Dataset.prov:wasGeneratedBy.prov:used[schema:additionalType='Laser Ablation System'].schema:additionalProperty[schema:name='Laser Energy'].schema:value,authored,,path from owning module,
Laser Energy,Advanced,Editable,Numeric (mJ),$MethodDefinition.schema:instrument[schema:additionalType='Laser Ablation System'].schema:additionalProperty[schema:name='Laser Energy'].schema:defaultValue,authored,,path from owning module,
Laser Fluence (Energy Density),Basic,Editable,Numeric (J cm⁻²),$Dataset.prov:wasGeneratedBy.prov:used[schema:additionalType='Laser Ablation System'].ada:laserFluence,authored,shared,dual-home decision: protocol default | path from owning module,
Laser Fluence (Energy Density),Basic,Editable,Numeric (J cm⁻²),$MethodDefinition.schema:instrument[schema:additionalType='Laser Ablation System'].ada:laserFluenceDefault,authored,shared,dual-home decision: protocol default | path from owning module,
Laser Beam Energy Profile,Advanced,Read-Only,Controlled list / Text,$MethodDefinition.schema:instrument[schema:additionalType='Laser Ablation System'].schema:additionalProperty[schema:name='Laser Beam Energy Profile'].schema:value,authored,shared,path from owning module,
Laser Repetition Rate,Basic,Editable,Numeric (Hz),$Dataset.prov:wasGeneratedBy.prov:used[schema:additionalType='Laser Ablation System'].ada:laserRepetitionRate,authored,shared,dual-home decision: protocol default | path from owning module,
Laser Repetition Rate,Basic,Editable,Numeric (Hz),$MethodDefinition.schema:instrument[schema:additionalType='Laser Ablation System'].ada:laserRepetitionRateDefault,authored,shared,dual-home decision: protocol default | path from owning module,
Laser Pulse Duration,Basic,Read-Only,Text (free),$MethodDefinition.schema:instrument[schema:additionalType='Laser Ablation System'].schema:additionalProperty[schema:name='Laser Pulse Duration'].schema:value,authored,shared,path from owning module,
Ablation Duration per Spot,Basic,Editable,Numeric (s),$Dataset.prov:wasGeneratedBy.schema:additionalProperty[schema:name='Ablation Duration per Spot'].schema:value,authored,shared,tier rule: session parameter is an additionalProperty on the analysis,
Ablation Duration per Spot,Basic,Editable,Numeric (s),$MethodDefinition.ada:ablationSpotDurationDefault,authored,shared,dual-home decision: protocol default | path from owning module,
Ablation Pit Depth and Ablation Rate,Basic,Editable,Text (free),$Dataset.prov:wasGeneratedBy.schema:additionalProperty[schema:name='Ablation Pit Depth and Ablation Rate'].schema:value,inferred,,tier rule: session parameter is an additionalProperty on the analysis,
Ablation Pit Depth and Ablation Rate,Basic,Editable,Text (free),$MethodDefinition.ada:ablationPitDepthRateDefault,inferred,,path from owning module,
"Transect Rate, Mapping Rate or Step Size",Advanced,Editable,Text (free),$Dataset.prov:wasGeneratedBy.schema:additionalProperty[schema:name='Transect Rate Mapping Rate or Step Size'].schema:value,authored,,path from owning module,
"Transect Rate, Mapping Rate or Step Size",Advanced,Editable,Text (free),$MethodDefinition.schema:additionalProperty[schema:name='Transect Rate Mapping Rate or Step Size'].schema:defaultValue,authored,,path from owning module,
Raster Line Spacing (Mapping Only),Basic,Editable,Text (free),$Dataset.prov:wasGeneratedBy.schema:additionalProperty[schema:name='Raster Line Spacing (Mapping Only)'].schema:value,authored,,tier rule: session parameter is an additionalProperty on the analysis,
Raster Line Spacing (Mapping Only),Basic,Editable,Text (free),$MethodDefinition.ada:rasterLineSpacingDefault,authored,,dual-home decision: protocol default | path from owning module,
Carrier Gas and Flow Rate,Basic,Editable,Text (free),$MethodDefinition.ada:carrierGasFlowRateDefault,authored,shared,dual-home decision: protocol default,
Carrier Gas and Flow Rate,Basic,Editable,Text (free),$Dataset.prov:wasGeneratedBy.schema:additionalProperty[schema:name='Carrier Gas and Flow Rate'].schema:value,authored,shared,tier rule: session parameter is an additionalProperty on the analysis,
Make-up Gas and Flow Rate,Advanced,Editable,Numeric (L/min) / Text,$MethodDefinition.schema:additionalProperty[schema:name='Make-up Gas and Flow Rate'].schema:defaultValue,authored,,,
Make-up Gas and Flow Rate,Advanced,Editable,Numeric (L/min) / Text,$Dataset.prov:wasGeneratedBy.schema:additionalProperty[schema:name='Make-up Gas and Flow Rate'].schema:value,inferred,,dual-home counterpart (tier matrix),
Coolant (Plasma) Gas Flow Rate,Basic,Editable,Numeric (L/min),$MethodDefinition.schema:instrument[schema:additionalType='ICPMS'].schema:hasPart[schema:additionalType='ICP Source'].schema:additionalProperty[schema:name='Coolant Plasma Gas Flow Rate'].schema:defaultValue,authored,shared,,
Coolant (Plasma) Gas Flow Rate,Basic,Editable,Numeric (L/min),$Dataset.prov:wasGeneratedBy.prov:used.schema:instrument[schema:additionalType='ICPMS'].schema:hasPart[schema:additionalType='ICP Source'].schema:additionalProperty[schema:name='Coolant Plasma Gas Flow Rate'].schema:value,inferred,shared,dual-home counterpart (tier matrix),
Auxiliary Gas Flow Rate,Basic,Editable,Numeric (L/min),$MethodDefinition.schema:instrument[schema:additionalType='ICPMS'].schema:hasPart[schema:additionalType='ICP Source'].schema:additionalProperty[schema:name='Auxiliary Gas Flow Rate'].schema:defaultValue,authored,shared,,
Auxiliary Gas Flow Rate,Basic,Editable,Numeric (L/min),$Dataset.prov:wasGeneratedBy.prov:used.schema:instrument[schema:additionalType='ICPMS'].schema:hasPart[schema:additionalType='ICP Source'].schema:additionalProperty[schema:name='Auxiliary Gas Flow Rate'].schema:value,inferred,shared,dual-home counterpart (tier matrix),
RF Power,Basic,Editable,Numeric (W),$MethodDefinition.schema:instrument[schema:additionalType='ICPMS'].schema:hasPart[schema:additionalType='ICP Source'].schema:additionalProperty[schema:name='RF Power'].schema:defaultValue,authored,shared,dual-home decision: protocol default,
RF Power,Basic,Editable,Numeric (W),$Dataset.prov:wasGeneratedBy.prov:used.schema:instrument[schema:additionalType='ICPMS'].schema:hasPart[schema:additionalType='ICP Source'].schema:additionalProperty[schema:name='RF Power'].schema:value,authored,shared,dual-home decision: analysis-tier value,
Plasma Thermal Mode,Basic,Read-Only,Controlled list,$MethodDefinition.schema:instrument[schema:additionalType='ICPMS'].schema:hasPart[schema:additionalType='ICP Source'].schema:additionalProperty[schema:name='Plasma Thermal Mode'].schema:value,authored,shared,"read-only: fixed protocol value, not a default",
Signal Smoothing,Advanced,Editable,Text (free),$MethodDefinition.schema:actionProcess.schema:step[schema:name='Data reduction'].schema:additionalProperty[schema:name='Signal Smoothing'].schema:defaultValue,authored,shared,divergence decision applied,
Signal Smoothing,Advanced,Editable,Text (free),$Dataset.prov:wasGeneratedBy.schema:actionProcess.schema:step[schema:name='Data reduction'].schema:additionalProperty[schema:name='Signal Smoothing'].schema:value,inferred,shared,dual-home counterpart (tier matrix),
ICP Tuning,Advanced,Editable,Text (free),$MethodDefinition.schema:instrument[schema:additionalType='ICPMS'].schema:additionalProperty[schema:name='ICP Tuning'].schema:defaultValue,authored,shared,divergence decision applied,
ICP Tuning,Advanced,Editable,Text (free),$Dataset.prov:wasGeneratedBy.prov:used.schema:instrument[schema:additionalType='ICPMS'].schema:additionalProperty[schema:name='ICP Tuning'].schema:value,inferred,shared,dual-home counterpart (tier matrix),
Instrument Sensitivity,N/A,Advanced,Numeric + unit / Text,,flagged,,analysis-instance (needs mapping),channel
Oxide Production Method and Threshold,Basic,Read-Only,Text (free),$MethodDefinition.ada:oxideProductionMethodAndThreshold,authored,shared,,
Oxide Production,N/A,Basic,Text (free),$Dataset.dqv:hasQualityMeasurement[dqv:isMeasurementOf='Oxide production ratio'].dqv:value,authored,shared,,
Doubly-Charged Species Monitor,Advanced,Editable,Text (free),$Dataset.prov:wasGeneratedBy.prov:used.schema:instrument[schema:additionalType='ICPMS'].schema:additionalProperty[schema:name='Doubly Charged Species Monitor'].schema:value,authored,shared,,
Doubly-Charged Species Monitor,Advanced,Editable,Text (free),$MethodDefinition.schema:instrument[schema:additionalType='ICPMS'].schema:additionalProperty[schema:name='Doubly Charged Species Monitor'].schema:defaultValue,authored,shared,,
Doubly-Charged Species Production,Advanced,Editable,Text (free),$Dataset.prov:wasGeneratedBy.prov:used.schema:instrument[schema:additionalType='ICPMS'].schema:additionalProperty[schema:name='Doubly Charged Species Production'].schema:value,authored,shared,,
Doubly-Charged Species Production,Advanced,Editable,Text (free),$MethodDefinition.schema:instrument[schema:additionalType='ICPMS'].schema:additionalProperty[schema:name='Doubly Charged Species Production'].schema:defaultValue,authored,shared,,
Instrument Warm-up / Session Duration Limit,Advanced,Read-Only,Text (free),$MethodDefinition.schema:additionalProperty[schema:name='Instrument Warm up Session Duration Limit'].schema:value,authored,shared,,
Analysis Sequence,Basic,Editable,Text (free),$MethodDefinition.ada:analysisSequenceDefault,authored,divergent,dual-home decision: protocol default,
Analysis Sequence,Basic,Editable,Text (free),$Dataset.prov:wasGeneratedBy.schema:additionalProperty[schema:name='Analysis Sequence'].schema:value,authored,divergent,tier rule: session parameter is an additionalProperty on the analysis,
Analyte,Basic,Editable,Text (free),$MethodDefinition.ada:analyteTemplate.ada:defaultAnalytes[],authored,shared,,defines: analyte
Monitored Masses,Basic,Read-Only,Text (free),$MethodDefinition.ada:analyteTemplate.ada:analyteColumns[],authored,shared,,analyte
Reported Variables and Units,Basic,Read-Only,Text (free),$MethodDefinition.ada:reportedPropertyTemplate.ada:defaultReportedProperties[],authored,,Keyed By: reported property (pilot),defines: reported property
Mass Resolution Assignment,Basic,Read-Only,Text (free),$MethodDefinition.ada:massResolutionAssignment,inferred,,,channel
Ion Counter Dead Time,Basic,Editable,Numeric (ns),$MethodDefinition.ada:ionCounterDeadTimeDefault,inferred,,,channel
Ion Counter Dead Time,Basic,Editable,Numeric (ns),$Dataset.prov:wasGeneratedBy.schema:additionalProperty[schema:name='Ion Counter Dead Time'].schema:value,inferred,,,channel
Collision Gas Type,Basic,Read-Only,Controlled list / Text,$MethodDefinition.schema:instrument[schema:additionalType='ICPMS'].schema:hasPart[schema:additionalType='Collision Reaction Cell'].schema:additionalProperty[schema:name='Collision Gas Type'].schema:value,authored,shared,,channel
Collision Gas Flow Rate,Basic,Editable,Numeric (mL/min),$MethodDefinition.schema:instrument[schema:additionalType='ICPMS'].schema:hasPart[schema:additionalType='Collision Reaction Cell'].schema:additionalProperty[schema:name='Gas Flow Rate'].schema:defaultValue,authored,shared,dual-home decision: protocol default,
Collision Gas Flow Rate,Basic,Editable,Numeric (mL/min),$Dataset.prov:wasGeneratedBy.prov:used.schema:instrument[schema:additionalType='ICPMS'].schema:hasPart[schema:additionalType='Collision Reaction Cell'].schema:additionalProperty[schema:name='Gas Flow Rate'].schema:value,authored,shared,dual-home decision: analysis-tier value,
Cell Exit Discrimination Voltage,Basic,Editable,Numeric (V),$MethodDefinition.schema:instrument[schema:additionalType='ICPMS'].schema:hasPart[schema:additionalType='Collision Reaction Cell'].schema:additionalProperty[schema:name='Cell Exit Discrimination Voltage'].schema:defaultValue,authored,shared,dual-home decision: protocol default,
Cell Exit Discrimination Voltage,Basic,Editable,Numeric (V),$Dataset.prov:wasGeneratedBy.prov:used.schema:instrument[schema:additionalType='ICPMS'].schema:hasPart[schema:additionalType='Collision Reaction Cell'].schema:additionalProperty[schema:name='Cell Exit Discrimination Voltage'].schema:value,authored,shared,dual-home decision: analysis-tier value,
Reaction Gas Type,Advanced,Read-Only,Controlled list / Text,$MethodDefinition.schema:instrument[schema:additionalType='ICPMS'].schema:hasPart[schema:additionalType='Collision Reaction Cell'].schema:additionalProperty[schema:name='Reaction Gas Type'].schema:value,authored,shared,,channel
Reaction Gas Flow Rate,Advanced,Editable,Numeric (mL/min),$MethodDefinition.schema:instrument[schema:additionalType='ICPMS'].schema:hasPart[schema:additionalType='Collision Reaction Cell'].schema:additionalProperty[schema:name='Reaction Gas Flow Rate'].schema:defaultValue,authored,shared,dual-home decision: protocol default,
Reaction Gas Flow Rate,Advanced,Editable,Numeric (mL/min),$Dataset.prov:wasGeneratedBy.prov:used.schema:instrument[schema:additionalType='ICPMS'].schema:hasPart[schema:additionalType='Collision Reaction Cell'].schema:additionalProperty[schema:name='Reaction Gas Flow Rate'].schema:value,authored,shared,dual-home decision: analysis-tier value,
Background Count Time,Basic,Editable,Numeric (s),$MethodDefinition.ada:backgroundCountTimeDefault,authored,,dual-home decision: protocol default,
Background Count Time,Basic,Editable,Numeric (s),$Dataset.prov:wasGeneratedBy.schema:additionalProperty[schema:name='Background Count Time'].schema:value,authored,,tier rule: session parameter is an additionalProperty on the analysis,
Multi-Run Sequential Analysis Design,Advanced,Read-Only,Text (free),$MethodDefinition.schema:additionalProperty[schema:name='Multi Run Sequential Analysis Design'].schema:value,authored,shared,,
Analysis Location/Spot Coordinates,N/A,Basic,Text (free),$Dataset.prov:wasGeneratedBy.schema:object[@type='https://w3id.org/isample/vocabulary/materialsampleobjecttype/materialsample'].schema:additionalProperty[schema:name='Mapped area description'].schema:value,authored,shared,path from owning module,sample > sampling unit
Number of Replicates,Advanced,Basic,Integer,$Dataset.prov:wasGeneratedBy.schema:additionalProperty[schema:name='Number of Replicates'].schema:value,authored,shared,,
Transect Length,N/A,Basic,Numeric (µm),$Dataset.prov:wasGeneratedBy.schema:additionalProperty[schema:name='Transect Length'].schema:value,authored,,path from owning module,
Mapping Area,N/A,Basic,Text (free),$Dataset.prov:wasGeneratedBy.schema:additionalProperty[schema:name='Mapping Area'].schema:value,authored,,,
Collector Configuration,Basic,Read-Only,Text (free),$MethodDefinition.schema:instrument[schema:additionalType='ICPMS'].schema:hasPart[schema:additionalType='Collector'].schema:description,inferred,,path from owning module,defines: channel per analyte
Number of Blocks per Measurement,Basic,Editable,Integer,$Dataset.prov:wasGeneratedBy.schema:additionalProperty[schema:name='Number of Blocks per Measurement'].schema:value,inferred,,path from owning module,
Number of Blocks per Measurement,Basic,Editable,Integer,$MethodDefinition.schema:additionalProperty[schema:name='Number of Blocks per Measurement'].schema:defaultValue,inferred,,path from owning module,
Number of Cycles per Block,Basic,Editable,Integer,$Dataset.prov:wasGeneratedBy.schema:additionalProperty[schema:name='Number of Cycles per Block'].schema:value,inferred,,path from owning module,
Number of Cycles per Block,Basic,Editable,Integer,$MethodDefinition.schema:additionalProperty[schema:name='Number of Cycles per Block'].schema:defaultValue,inferred,,path from owning module,
Integration Time per Cycle,Basic,Editable,Numeric (s),$Dataset.prov:wasGeneratedBy.schema:additionalProperty[schema:name='Integration Time per Cycle'].schema:value,inferred,,path from owning module,channel
Integration Time per Cycle,Basic,Editable,Numeric (s),$MethodDefinition.schema:additionalProperty[schema:name='Integration Time per Cycle'].schema:defaultValue,inferred,,path from owning module,channel
Baseline Measurement Approach,Basic,Read-Only,Text (free),$MethodDefinition.schema:additionalProperty[schema:name='Baseline Measurement Approach'].schema:value,inferred,,path from owning module,
Peak Flatness Method and Threshold,Basic,Read-Only,Text (free),$MethodDefinition.schema:actionProcess.schema:step[schema:name='Data reduction'].schema:additionalProperty[schema:name='Peak Flatness Method and Threshold'].schema:value,inferred,,path from owning module,
Peak Flatness,N/A,Basic,Text (free),$Dataset.dqv:hasQualityMeasurement[dqv:isMeasurementOf='Peak Flatness'].dqv:value,flagged,,analysis-instance (needs mapping) | path from owning module,
Internal Standard Approach,Basic,Read-Only,Text (free),$MethodDefinition.ada:internalStandardApproach,authored,shared,,
Internal Standard Element,Basic,Read-Only,Text (free),$MethodDefinition.ada:internalStandardElement,authored,shared,,
Per-Analyte Calibration Strategy,Basic,Read-Only,Text (free),$MethodDefinition.ada:perAnalyteCalibrationStrategy[],authored,shared,,analyte
Elemental Fractionation Correction,Basic,Read-Only,Text (free),$MethodDefinition.ada:elementalFractionationCorrection[],authored,shared,,
Mass Bias Correction Strategy,Basic,Read-Only,Text (free),$MethodDefinition.ada:massBiasCorrectionStrategy,inferred,,,
Uncertainty Level,Basic,Read-Only,Controlled list / Text,$MethodDefinition.ada:uncertaintyLevel,inferred,,,
Uncertainty Propagation Method,Advanced,Editable,Text (free),$Dataset.prov:wasGeneratedBy.schema:actionProcess.schema:step[schema:name='Data reduction'].schema:additionalProperty[schema:name='Uncertainty Propagation Method'].schema:value,authored,shared,,reported property
Uncertainty Propagation Method,Advanced,Editable,Text (free),$MethodDefinition.schema:additionalProperty[schema:name='Uncertainty Propagation Method'].schema:defaultValue,authored,shared,,reported property
Matrix Offset Correction (LIEF),Advanced,Read-Only,Text (free),$MethodDefinition.schema:additionalProperty[schema:name='Matrix Offset Correction LIEF'].schema:value,authored,shared,,
Signal Integration Interval Method,Basic,Read-Only,Text (free),$MethodDefinition.ada:signalIntegrationIntervalMethod,authored,shared,,
Signal Integration Time,N/A,Basic,Numeric (s),$Dataset.prov:wasGeneratedBy.schema:additionalProperty[schema:name='Signal Integration Time'].schema:value,authored,shared,,
Spike / Outlier Filtering Approach,Advanced,Editable,Text (free),$MethodDefinition.schema:actionProcess.schema:step[schema:name='Data reduction'].schema:additionalProperty[schema:name='Filtering Approach'].schema:defaultValue,authored,shared,divergence decision applied,
Spike / Outlier Filtering Approach,Advanced,Editable,Text (free),$Dataset.prov:wasGeneratedBy.schema:actionProcess.schema:step[schema:name='Data reduction'].schema:additionalProperty[schema:name='Filtering Approach'].schema:value,inferred,shared,dual-home counterpart (tier matrix),
Blank / Background Correction Method,Basic,Read-Only,Text (free),$MethodDefinition.ada:blankBackgroundCorrectionMethod,authored,,,
Isobaric Interference Corrections Applied,Basic,Read-Only,Boolean,$MethodDefinition.ada:analyteTemplate.ada:analyteColumns[],authored,shared,,
Interfering Species,Basic,Read-Only,Text (free),$MethodDefinition.ada:analyteTemplate.ada:analyteColumns[],authored,shared,,channel
Interference Correction Method,Basic,Read-Only,Text (free),$MethodDefinition.ada:analyteTemplate.ada:analyteColumns[],authored,shared,,channel
Isotope Dilution Data Reduction Method,Basic,Read-Only,Text (free),$MethodDefinition.schema:actionProcess.schema:step[schema:name='Data reduction'].schema:additionalProperty[schema:name='Isotope Dilution Data Reduction Method'].schema:value,authored,shared,divergence decision applied,
Memory Effect Mitigation,Advanced,Editable,Text (free),$Dataset.prov:wasGeneratedBy.prov:used.schema:instrument[schema:additionalType='ICPMS'].schema:additionalProperty[schema:name='Memory Effect Mitigation'].schema:value,authored,shared,,
Memory Effect Mitigation,Advanced,Editable,Text (free),$MethodDefinition.schema:instrument[schema:additionalType='ICPMS'].schema:additionalProperty[schema:name='Memory Effect Mitigation'].schema:defaultValue,authored,shared,,
Normalization / Standards-Based Correction,Advanced,Editable,Text (free),$MethodDefinition.ada:analyteTemplate.ada:analyteColumns[],authored,shared,divergence decision applied,reported property
Calibration Factor and Determination Method,Basic,Editable,Text (free),$Dataset.prov:wasGeneratedBy.schema:actionProcess.schema:step[schema:name='Data reduction'].schema:additionalProperty[schema:name='Calibration Factor and Determination Method'].schema:value,inferred,,path from owning module,reported property
Calibration Factor and Determination Method,Basic,Editable,Text (free),$MethodDefinition.schema:actionProcess.schema:step[schema:name='Data reduction'].schema:additionalProperty[schema:name='Calibration Factor and Determination Method'].schema:defaultValue,inferred,,path from owning module,reported property
Procedural Blank Level,N/A,Basic,Text (free),$Dataset.prov:wasGeneratedBy.schema:additionalProperty[schema:name='Procedural Blank Level'].schema:value,flagged,,analysis-instance (needs mapping) | path from owning module,
Analysis Inclusion and Rejection Criteria,Basic,Basic,Text (free),$MethodDefinition.schema:actionProcess.schema:step[schema:name='Data reduction'].schema:additionalProperty[schema:name='Analysis Inclusion and Rejection Criteria'].schema:value,inferred,,path from owning module,
Mass Fractionation Law,Basic,Read-Only,Controlled list,$MethodDefinition.schema:additionalProperty[schema:name='Mass Fractionation Law'].schema:value,inferred,,path from owning module,
Internal Normalization Element and Isotope Ratio,Basic,Read-Only,Text (free),$MethodDefinition.ada:internalNormalizationElementAndIsotopeRatio,inferred,,path from owning module,
Double-Spike Isotope Pair,Basic,Read-Only,Text (free),$MethodDefinition.schema:additionalProperty[schema:name='Double Spike Isotope Pair'].schema:value,inferred,,path from owning module,
Double-Spike Mixing Ratio,Advanced,Editable,Text (free),$Dataset.prov:wasGeneratedBy.schema:additionalProperty[schema:name='Double Spike Mixing Ratio'].schema:value,inferred,,path from owning module,
Double-Spike Mixing Ratio,Advanced,Editable,Text (free),$MethodDefinition.schema:additionalProperty[schema:name='Double Spike Mixing Ratio'].schema:defaultValue,inferred,,path from owning module,
Double-Spike Inversion Algorithm,Basic,Read-Only,Text (free),$MethodDefinition.schema:actionProcess.schema:step[schema:name='Data reduction'].schema:additionalProperty[schema:name='Double-Spike Inversion Algorithm'].schema:value,inferred,,path from owning module,
Age Calculation Method,Basic,Read-Only,Text (free),$MethodDefinition.ada:ageCalculationMethod[],inferred,,path from owning module,reported property
Reported Date Type,Basic,Editable,Controlled list,$Dataset.prov:wasGeneratedBy.schema:additionalProperty[schema:name='Reported Date Type'].schema:value,inferred,,tier rule: session parameter is an additionalProperty on the analysis,reported property
Reported Date Type,Basic,Editable,Controlled list,$MethodDefinition.ada:reportedDateType[],inferred,,path from owning module,reported property
Inherited or Initial Signal Correction,Basic,Editable,Text (free),$MethodDefinition.ada:inheritedOrInitialSignalCorrectionDefault,inferred,,,reported property
Inherited or Initial Signal Correction,Basic,Editable,Text (free),$Dataset.prov:wasGeneratedBy.schema:additionalProperty[schema:name='Inherited or Initial Signal Correction'].schema:value,inferred,,,reported property
Radiogenic Fraction of Measured Signal,N/A,Basic,Text (free),,flagged,,analysis-instance (needs mapping),reported property
Age Model,Basic,Editable,Text (free),$MethodDefinition.ada:ageModelDefault,inferred,,,reported property
Age Model,Basic,Editable,Text (free),$Dataset.prov:wasGeneratedBy.schema:additionalProperty[schema:name='Age Model'].schema:value,inferred,,,reported property
Age Datum / Reference Epoch,Advanced,Basic,Text (free),$MethodDefinition.schema:additionalProperty[schema:name='Age Datum / Reference Epoch'].schema:defaultValue,inferred,,,reported property
Age Datum / Reference Epoch,Advanced,Basic,Text (free),$Dataset.prov:wasGeneratedBy.schema:additionalProperty[schema:name='Age Datum / Reference Epoch'].schema:value,inferred,,,reported property
Intermediate Daughter Disequilibrium Correction,Advanced,Read-Only,Text (free),$MethodDefinition.schema:actionProcess.schema:step[schema:name='Data reduction'].schema:additionalProperty[schema:name='Intermediate Daughter Disequilibrium Correction'].schema:value,inferred,,path from owning module,
Discordance Definition and Values,Advanced,Read-Only,Text (free),$MethodDefinition.schema:additionalProperty[schema:name='Discordance Definition and Values'].schema:value,inferred,,path from owning module,pair: reported property
Error Correlation Between Reported Quantities,Advanced,Basic,Numeric (dimensionless) / Text,$MethodDefinition.schema:additionalProperty[schema:name='Error Correlation Between Reported Quantities'].schema:defaultValue,inferred,,,pair: reported property
Error Correlation Between Reported Quantities,Advanced,Basic,Numeric (dimensionless) / Text,$Dataset.prov:wasGeneratedBy.schema:additionalProperty[schema:name='Error Correlation Between Reported Quantities'].schema:value,inferred,,,pair: reported property
Constants and Reference Values Used,Basic,Editable,Text (free),$MethodDefinition.schema:actionProcess.schema:step[schema:name='Data reduction'].schema:additionalProperty[schema:name='Constants Reference Values'].schema:defaultValue,authored,,dual-home decision: protocol default,
Constants and Reference Values Used,Basic,Editable,Text (free),$Dataset.prov:wasGeneratedBy.schema:actionProcess.schema:step[schema:name='Data reduction'].schema:additionalProperty[schema:name='Constants Reference Values'].schema:value,authored,,dual-home decision: analysis-tier value,
Primary Calibration Standard Name,Basic,Editable,Text (free),$MethodDefinition.ada:primaryStandardNameDefault,authored,divergent,dual-home decision: protocol default,
Primary Calibration Standard Name,Basic,Editable,Text (free),$Dataset.prov:wasGeneratedBy.prov:used.prov:reagent[ada:reagentRole='primaryStandard'].schema:name,authored,divergent,dual-home decision: analysis-tier value,
Calibration Standard Measurement Frequency,Basic,Read-Only,Text (free),$MethodDefinition.ada:calibrationMeasurementFrequency,authored,shared,,
Secondary Reference Materials,Basic,Editable,Text (free),$MethodDefinition.ada:secondaryReferenceMaterialDefault[],authored,divergent,dual-home decision: protocol default,defines: standard
Secondary Reference Materials,Basic,Editable,Text (free),$Dataset.prov:wasGeneratedBy.prov:used.prov:reagent[ada:reagentRole='referenceMaterial'].schema:name,authored,divergent,dual-home decision: analysis-tier value,defines: standard
Detection Limit,Advanced,Basic,Numeric (ppm or wt%),$MethodDefinition.ada:analyteTemplate.ada:analyteColumns[],authored,shared,,reported property
Detection Limit Method,Basic,Read-Only,Text / URI,$MethodDefinition.ada:analyteTemplate.ada:analyteColumns[],authored,shared,,reported property
Limit of Quantification (LOQ) Method,Advanced,Basic,Text / URI,$MethodDefinition.ada:analyteTemplate.ada:analyteColumns[],authored,shared,,reported property
Within-Session Analytical Precision and Assessment Method,Basic,Basic,Text (free),$MethodDefinition.ada:analyteTemplate.ada:analyteColumns[],authored,shared,,standard x reported property
Between-Session (Long-Term) Analytical Precision and Assessment Method,Advanced,Basic,Text (free),$MethodDefinition.ada:analyteTemplate.ada:analyteColumns[],authored,shared,,standard x reported property
Analytical Accuracy and Assessment Method,Basic,Basic,Text (free),$MethodDefinition.ada:analyteTemplate.ada:analyteColumns[],authored,shared,,standard x reported property
Goodness-of-Fit or Dispersion Statistic,N/A,Basic,Text (free),$Dataset.dqv:hasQualityMeasurement[dqv:isMeasurementOf='Dispersion Statistic'].dqv:value,flagged,,analysis-instance (needs mapping) | path from owning module,reported property
Goodness-of-Fit or Dispersion Statistic,N/A,Basic,Text (free),$Dataset.dqv:hasQualityMeasurement[dqv:isMeasurementOf='Goodness-of-Fit'].dqv:value,flagged,,analysis-instance (needs mapping) | path from owning module,reported property
Additional Notes,Advanced,Advanced,Text (free),$MethodDefinition.schema:description,authored,shared,dual-home decision: protocol default,
Additional Notes,Advanced,Advanced,Text (free),$Dataset.prov:wasGeneratedBy.schema:description,authored,shared,dual-home decision: analysis-tier value,
Mass Resolution Assignment,Basic,Read-Only,Text (free),$MethodDefinition.ada:analyteTemplate.ada:analyteColumns[],authored,shared,[not in current workbook],channel
Monitored Masses,Basic,Read-Only,Text (free),$MethodDefinition.ada:massesMeasuredDefault,authored,,dual-home decision: protocol default [not in current workbook],analyte
Monitored Masses,Basic,Read-Only,Text (free),$Dataset.prov:wasGeneratedBy.schema:additionalProperty[schema:name='Monitored Masses'].schema:value,authored,,tier rule: session parameter is an additionalProperty on the analysis,analyte
Instrument Sensitivity,N/A,Advanced,Numeric + unit / Text,$Dataset.ada:sensitivityYield,authored,,[not in current workbook],channel
Ion Counter Dead Time,Basic,Editable,Numeric (ns),$MethodDefinition.schema:additionalProperty[schema:name='Ion Counter Dead Time'].schema:defaultValue,inferred,,[not in current workbook],channel
Normalization / Standards-Based Correction,Advanced,Editable,Text (free),$Dataset.prov:wasGeneratedBy.schema:actionProcess.schema:step[schema:name='Data reduction'].schema:additionalProperty[schema:name='Normalization / Standards-Based Correction'].schema:value,authored,shared,[not in current workbook],reported property
Normalization / Standards-Based Correction,Advanced,Editable,Text (free),$MethodDefinition.schema:actionProcess.schema:step[schema:name='Data reduction'].schema:additionalProperty[schema:name='Normalization / Standards-Based Correction'].schema:defaultValue,authored,shared,[not in current workbook],reported property
Instrument Manufacturer,Basic,Read-Only,Controlled list,,flagged,,new in this revision (needs mapping),
Counting Statistics Error,Advanced,Basic,Text (free),,flagged,,new in this revision (needs mapping),sample > sampling unit x reported property
Internal (Within-Measurement) Analytical Precision and Assessment Method,Advanced,Basic,Text (free),,flagged,,new in this revision (needs mapping),sample > sampling unit x reported property
