Metadata Item,Protocol Tier,Analysis Tier,Data Type,Schema Path,Source,Scope,Notes
Procedure Name,Basic,Read-Only,Text (free),$MethodDefinition.schema:name,inferred,shared,
Technique,Basic,Read-Only,Controlled list,$MethodDefinition.schema:measurementTechnique.schema:DefinedTerm.schema:termCode,inferred,shared,
Procedure Author,Basic,Read-Only,Text (free),$MethodDefinition.schema:creator.schema:name,inferred,shared,
Laboratory,Basic,Editable,Text (free),$MethodDefinition.schema:location.schema:Place[schema:additionalType='Default Laboratory'].schema:name,authored,shared,dual-home decision: protocol default
Laboratory,Basic,Editable,Text (free),$Dataset.prov:wasGeneratedBy.schema:location.schema:Place[schema:additionalType='Laboratory'].schema:name,authored,shared,dual-home decision: analysis-tier value
Laboratory ID,Advanced,Editable,URI / DOI,$MethodDefinition.schema:location.schema:Place[schema:additionalType='Default Laboratory'].schema:identifier,authored,shared,dual-home decision: protocol default
Laboratory ID,Advanced,Editable,URI / DOI,$Dataset.prov:wasGeneratedBy.schema:location.schema:Place[schema:additionalType='Laboratory'].schema:identifier,authored,shared,dual-home decision: analysis-tier value
Procedure Start Date,Basic,Read-Only,Date,$MethodDefinition.schema:datePublished,inferred,shared,
Funding Source for Procedure Development,Advanced,Read-Only,Text (free),$MethodDefinition.schema:funding[].schema:MonetaryGrant.schema:name,inferred,shared,
Procedure Reference(s),Advanced,Read-Only,URI / DOI,$MethodDefinition.schema:relatedLink[schema:linkRelationship='techniquePublication'].schema:target.schema:name,inferred,shared,
Procedure DOI,N/A,Basic,URI / DOI,$Dataset.schema:measurementTechnique.schema:DefinedTerm.schema:identifier,inferred,shared,
Analyst,N/A,Basic,Text (free),$Dataset.schema:contributor[schema:roleName='analyst'].schema:name,inferred,shared,
Analysis Start Date,N/A,Basic,Date,$Dataset.prov:wasGeneratedBy.schema:startDate,inferred,shared,
Analysis End Date,N/A,Basic,Date,$Dataset.prov:wasGeneratedBy.schema:endDate,inferred,shared,
Funding Source for Analysis,N/A,Basic,Text (free),$Dataset.schema:funding,inferred,shared,
Coupled Technique(s),Advanced,Editable,Controlled list / Text,$MethodDefinition.schema:relatedLink[schema:linkRelationship='coupledTechnique'].schema:target.schema:name,authored,shared,dual-home decision: protocol default
Coupled Technique(s),Advanced,Editable,Controlled list / Text,$Dataset.schema:relatedLink[schema:linkRelationship='coupledTechnique'].schema:target.schema:name,authored,shared,dual-home decision: analysis-tier value
Coupling Description,Advanced,Editable,Text (free),$MethodDefinition.schema:relatedLink[schema:linkRelationship='coupledTechnique'].schema:target.schema:description,authored,shared,dual-home decision: protocol default
Coupling Description,Advanced,Editable,Text (free),$Dataset.schema:relatedLink[schema:linkRelationship='coupledTechnique'].schema:target.schema:description,authored,shared,dual-home decision: analysis-tier value
Coupled Procedure DOI,N/A,Advanced,URI / DOI,$Dataset.schema:relatedLink[schema:linkRelationship='coupledProcedure'].schema:target.schema:url,inferred,shared,
Coupled Dataset or Publication Reference,N/A,Advanced,URI / DOI / Text,$Dataset.schema:relatedLink[schema:linkRelationship='coupledDataset'].schema:target,inferred,shared,
Target Material,Basic,Read-Only,Controlled list / Text,$MethodDefinition.schema:object[@type='https://w3id.org/isample/vocabulary/materialsampleobjecttype/materialsample'].schema:additionalProperty[schema:name='Target Material'].schema:value[],inferred,shared,
Sample Preparation Method,Basic,Editable,Text (free),$MethodDefinition.schema:actionProcess.schema:step[schema:name='Sample preparation'].schema:description,authored,divergent,dual-home decision: protocol default
Sample Preparation Method,Basic,Editable,Text (free),$Dataset.prov:wasGeneratedBy.schema:actionProcess.schema:step[schema:name='Sample preparation'].schema:description,authored,divergent,dual-home decision: analysis-tier value
Sample Name,N/A,Basic,Text (free),$Dataset.prov:wasGeneratedBy.schema:object[@type='https://w3id.org/isample/vocabulary/materialsampleobjecttype/materialsample'].schema:name,inferred,shared,
Sample Persistent Identifier,Advanced,Advanced,URI / IGSN,$Dataset.prov:wasGeneratedBy.schema:object[@type='https://w3id.org/isample/vocabulary/materialsampleobjecttype/materialsample'].schema:identifier,inferred,shared,
Instrument Manufacturer,Basic,Read-Only,Controlled list,$MethodDefinition.schema:instrument[schema:additionalType='SEM'].schema:manufacturer.schema:name,authored,divergent,divergence decision applied
Instrument Model,Basic,Read-Only,Text (free),$MethodDefinition.schema:instrument[schema:additionalType='SEM'].schema:model.schema:name,authored,shared,divergence decision applied
Electron Source,Basic,Read-Only,Controlled list,$MethodDefinition.schema:instrument[schema:additionalType='SEM'].schema:hasPart[schema:additionalType='Electron source'].schema:description,authored,divergent,divergence decision applied
Instrument Variant,Basic,Read-Only,Controlled list,$MethodDefinition.schema:instrument[schema:additionalType='SEM'].schema:description,authored,shared,divergence decision applied
EDS Detector Configuration,Advanced,Read-Only,Text (free),$MethodDefinition.schema:instrument[schema:additionalType='SEM'].schema:hasPart[schema:additionalType='EDSDetector'].schema:description,authored,divergent,divergence decision applied
WDS Spectrometer Configuration,Advanced,Read-Only,Text (free),$MethodDefinition.schema:instrument[schema:additionalType='SEM'].schema:hasPart[schema:additionalType='WDSSpectrometer'].schema:name,authored,divergent,divergence decision applied
Acquisition Software,Basic,Editable,Text (free),$MethodDefinition.bios:computationalTool[ada:toolRole='acquisition'].schema:name,authored,shared,dual-home decision: protocol default
Acquisition Software,Basic,Editable,Text (free),$Dataset.prov:wasGeneratedBy.prov:used.bios:computationalTool[ada:toolRole='acquisition'].schema:name,authored,shared,dual-home decision: analysis-tier value
Data Reduction Software,Basic,Editable,Text (free),$MethodDefinition.bios:computationalTool[ada:toolRole='dataReduction'].schema:name,authored,shared,dual-home decision: protocol default
Data Reduction Software,Basic,Editable,Text (free),$Dataset.prov:wasGeneratedBy.prov:used.bios:computationalTool[ada:toolRole='dataReduction'].schema:name,authored,shared,dual-home decision: analysis-tier value
Analytical Mode,Basic,Read-Only,Controlled list,$MethodDefinition.ada:analyticalMode[],inferred,shared,
Beam Mode,Basic,Read-Only,Controlled list,$MethodDefinition.schema:instrument[schema:additionalType='SEM'].ada:beamMode,authored,divergent,divergence decision applied
Accelerating Voltage,Basic,Editable,Numeric (kV),$MethodDefinition.schema:instrument[schema:additionalType='SEM'].ada:acceleratingVoltageDefault,authored,divergent,divergence decision applied
Accelerating Voltage,Basic,Editable,Numeric (kV),$Dataset.prov:wasGeneratedBy.prov:used.schema:instrument[schema:additionalType='SEM'].ada:acceleratingVoltage,inferred,divergent,dual-home counterpart (tier matrix)
Beam Current,Basic,Editable,Numeric (nA),$MethodDefinition.ada:analyteTemplate.ada:analyteColumns[],authored,shared,divergence decision applied
Beam Diameter,Basic,Editable,Numeric + unit,$MethodDefinition.schema:instrument[schema:additionalType='SEM'].ada:beamDiameterDefault,authored,divergent,divergence decision applied
Beam Diameter,Basic,Editable,Numeric + unit,$Dataset.prov:wasGeneratedBy.prov:used.schema:instrument[schema:additionalType='SEM'].ada:beamDiameter,inferred,divergent,dual-home counterpart (tier matrix)
Beam Raster Dimensions,Advanced,Editable,Numeric + unit,$MethodDefinition.schema:additionalProperty[schema:name='Beam Raster Dimensions'].schema:defaultValue,inferred,shared,
Beam Raster Dimensions,Advanced,Editable,Numeric + unit,$Dataset.prov:wasGeneratedBy.schema:additionalProperty[schema:name='Beam Raster Dimensions'].schema:value,inferred,shared,dual-home counterpart (tier matrix)
Beam Damage Minimization,Advanced,Editable,Text (free),$MethodDefinition.schema:additionalProperty[schema:name='Beam Damage Minimization'].schema:defaultValue,inferred,shared,
Beam Damage Minimization,Advanced,Editable,Text (free),$Dataset.prov:wasGeneratedBy.schema:additionalProperty[schema:name='Beam Damage Minimization'].schema:value,inferred,shared,path corrected: analysis-tier value hangs off prov:wasGeneratedBy
Drift Correction,Advanced,Editable,Text (free),$MethodDefinition.schema:additionalProperty[schema:name='Drift Correction'].schema:defaultValue,inferred,shared,
Drift Correction,Advanced,Editable,Text (free),$Dataset.prov:wasGeneratedBy.schema:additionalProperty[schema:name='Drift Correction'].schema:value,inferred,shared,path corrected: analysis-tier value hangs off prov:wasGeneratedBy
Stage Scan vs. Beam Scan,Advanced,Read-Only,Controlled list,$MethodDefinition.schema:additionalProperty[schema:name='Stage Scan vs Beam Scan'].schema:value,inferred,shared,
Working Distance,Basic,Editable,Numeric (mm),$MethodDefinition.schema:instrument[schema:additionalType='SEM'].ada:workingDistanceDefault,authored,shared,divergence decision applied
Working Distance,Basic,Editable,Numeric (mm),$Dataset.prov:wasGeneratedBy.prov:used.schema:instrument[schema:additionalType='SEM'].ada:workingDistance,inferred,shared,dual-home counterpart (tier matrix)
Chamber Pressure,Advanced,Editable,Numeric + unit,$MethodDefinition.schema:additionalProperty[schema:name='Chamber Pressure'].schema:defaultValue,inferred,shared,
Chamber Pressure,Advanced,Editable,Numeric + unit,$Dataset.prov:wasGeneratedBy.schema:additionalProperty[schema:name='Chamber Pressure'].schema:value,inferred,shared,path corrected: analysis-tier value hangs off prov:wasGeneratedBy
Dwell Time per Pixel,Basic,Editable,Numeric + unit,$MethodDefinition.ada:dwellTimePerPixelDefault,authored,shared,divergence decision applied
Dwell Time per Pixel,Basic,Editable,Numeric + unit,$Dataset.prov:wasGeneratedBy.schema:additionalProperty[schema:name='Dwell Time per Pixel'].schema:value,inferred,shared,dual-home counterpart (tier matrix)
EDS Acquisition Mode,Basic,Read-Only,Controlled list,$MethodDefinition.ada:edsAcquisitionMode,inferred,shared,
Analyte,Basic,Editable,Text (free),$MethodDefinition.ada:analyteTemplate.ada:defaultAnalytes[],inferred,shared,
Technique per Analyte,Basic,Read-Only,Controlled list,$MethodDefinition.ada:techniquePerAnalyte,inferred,,
X-ray Line,Basic,Read-Only,Controlled list,$MethodDefinition.schema:instrument[schema:additionalType='SEM'].schema:hasPart[schema:additionalType='xrayLine'].schema:name,authored,divergent,divergence decision applied
EDS Live Time per Point or Pixel,Basic,Editable,Numeric (s),$MethodDefinition.ada:edsLiveTimePerPointOrPixelDefault,authored,shared,dual-home decision: protocol default
EDS Live Time per Point or Pixel,Basic,Editable,Numeric (s),$Dataset.prov:wasGeneratedBy.ada:edsLiveTimePerPointOrPixel,authored,shared,dual-home decision: analysis-tier value
Step Size / Pixel Size,Basic,Editable,Numeric + unit,$MethodDefinition.ada:stepSizePixelSizeDefault,authored,shared,divergence decision applied
Step Size / Pixel Size,Basic,Editable,Numeric + unit,$Dataset.prov:wasGeneratedBy.schema:additionalProperty[schema:name='Step Size / Pixel Size'].schema:value,inferred,shared,dual-home counterpart (tier matrix)
EDS Map Dimensions,N/A,Basic,Numeric pair (pixels x pixels),,flagged,,analysis-instance (needs mapping)
Map Area,N/A,Basic,Numeric + unit,,flagged,,analysis-instance (needs mapping)
Diffracting Crystal,Basic,Read-Only,Controlled list,$MethodDefinition.ada:analyteTemplate.ada:analyteColumns[],authored,shared,divergence decision applied
WDS Spectrometer Channel,Advanced,Read-Only,Text (free),$MethodDefinition.ada:analyteTemplate.ada:analyteColumns[],authored,shared,divergence decision applied
Sequence,Advanced,Read-Only,Integer,$MethodDefinition.schema:additionalProperty[schema:name='Sequence'].schema:value,inferred,shared,
Proportional Counter / Detector,Advanced,Read-Only,Controlled list,$MethodDefinition.ada:analyteTemplate.ada:analyteColumns[],authored,shared,divergence decision applied
WDS PHA Setting,Advanced,Read-Only,Controlled list,$MethodDefinition.ada:analyteTemplate.ada:analyteColumns[],authored,shared,divergence decision applied
Peak Counting Time,Basic,Editable,Numeric (s),$MethodDefinition.ada:analyteTemplate.ada:analyteColumns[],authored,shared,divergence decision applied
Background Counting Time,Basic,Editable,Numeric (s),$MethodDefinition.ada:analyteTemplate.ada:analyteColumns[],authored,shared,divergence decision applied
Background Position(s),Advanced,Editable,Text (free),$MethodDefinition.ada:analyteTemplate.ada:analyteColumns[],authored,shared,divergence decision applied
Matrix Correction Method,Basic,Read-Only,Controlled list,$MethodDefinition.ada:matrixCorrectionMethod,inferred,shared,
Mass Absorption Coefficients (MACs),Basic,Read-Only,Controlled list,$MethodDefinition.ada:massAbsorptionCoefficients,inferred,shared,
Background Correction Method,Basic,Editable,Controlled list,$MethodDefinition.ada:analyteTemplate.ada:analyteColumns[],authored,shared,divergence decision applied
Time-Dependent Intensity Correction,Advanced,Editable,Controlled list,$MethodDefinition.ada:analyteTemplate.ada:analyteColumns[],authored,shared,divergence decision applied
Analyte Estimation Method,Advanced,Read-Only,Controlled list,$MethodDefinition.schema:additionalProperty[schema:name='Analyte Estimation Method'].schema:value,inferred,shared,
Halogen Correction on Oxygen,Advanced,Editable,Boolean,$MethodDefinition.schema:additionalProperty[schema:name='Halogen Correction on Oxygen'].schema:defaultValue,inferred,shared,
Halogen Correction on Oxygen,Advanced,Editable,Boolean,$Dataset.prov:wasGeneratedBy.schema:additionalProperty[schema:name='Halogen Correction on Oxygen'].schema:value,inferred,shared,path corrected: analysis-tier value hangs off prov:wasGeneratedBy
EDS Spectral Processing Type,Advanced,Read-Only,Controlled list,$MethodDefinition.schema:additionalProperty[schema:name='EDS Spectral Processing Type'].schema:value,inferred,shared,
Blank Correction,Advanced,Editable,Text (free),$MethodDefinition.ada:analyteTemplate.ada:analyteColumns[],authored,shared,divergence decision applied
Normalization / Standards-Based Correction,Advanced,Editable,Text (free),$MethodDefinition.ada:analyteTemplate.ada:analyteColumns[],authored,shared,divergence decision applied
WDS Dead Time Correction,Basic,Read-Only,Controlled list,$MethodDefinition.ada:wdsDeadTimeCorrection,inferred,shared,
Primary Calibration Standard Name,Basic,Editable,Text (free),$MethodDefinition.ada:analyteTemplate.ada:analyteColumns[],authored,divergent,per-element in electron-beam techniques; ICP-MS keeps the per-run scalar
Secondary Reference Materials,Basic,Editable,Text (free),$MethodDefinition.ada:analyteTemplate.ada:analyteColumns[],authored,divergent,per-element in electron-beam techniques; ICP-MS keeps the per-run scalar
Interference Corrections Applied,Basic,Read-Only,Boolean,$MethodDefinition.ada:interferenceCorrectionsApplied,inferred,shared,
Interfering Elements,Advanced,Read-Only,Text (free),$MethodDefinition.schema:additionalProperty[schema:name='Interfering Elements'].schema:value,inferred,shared,
Interference Correction Standard,Advanced,Read-Only,Text (free),$MethodDefinition.schema:additionalProperty[schema:name='Interference Correction Standard'].schema:value,inferred,shared,
Detection Limit,Advanced,Basic,Text (free),$MethodDefinition.ada:analyteTemplate.ada:analyteColumns[],inferred,shared,
Detection Limit Method,Basic,Read-Only,Text (free),$MethodDefinition.ada:analyteTemplate.ada:analyteColumns[],inferred,shared,
Analytical Precision,Advanced,Basic,Text (free),$MethodDefinition.ada:analyteTemplate.ada:analyteColumns[],authored,shared,per-element in electron-beam techniques; ICP-MS keeps the per-run scalar
Analytical Accuracy,Advanced,Basic,Text (free),$MethodDefinition.ada:analyteTemplate.ada:analyteColumns[],authored,shared,per-element in electron-beam techniques; ICP-MS keeps the per-run scalar
Counting Statistics Error,Advanced,Basic,Text (free),$MethodDefinition.ada:analyteTemplate.ada:analyteColumns[],authored,shared,per-element in electron-beam techniques; ICP-MS keeps the per-run scalar
EDS Dead Time,N/A,Basic,Numeric (%),,flagged,,analysis-instance (needs mapping)
Additional Notes,Advanced,Advanced,Text (free),$MethodDefinition.schema:description,authored,shared,dual-home decision: protocol default
Additional Notes,Advanced,Advanced,Text (free),$Dataset.prov:wasGeneratedBy.schema:description,authored,shared,dual-home decision: analysis-tier value
Sampling Unit,Basic,Basic,Controlled list / Text,,flagged,,new in this revision (needs mapping)
Target Selection Criteria,Basic,Editable,Text (free),,flagged,,new in this revision (needs mapping)
Pre-Analysis Imaging and Screening,Advanced,Editable,Text (free),,flagged,,new in this revision (needs mapping)
Reported Variables and Units,Basic,Read-Only,Text (free),$MethodDefinition.ada:reportedPropertyTemplate.ada:defaultReportedProperties[],authored,,follows the geochronTAPP reported-property pilot — revisit with that workstream
Calibration Factor and Determination Method,Basic,Editable,Text (free),,flagged,,new in this revision (needs mapping)
Procedural Blank Level,N/A,Basic,Text (free),,flagged,,new in this revision (needs mapping)
Analysis Inclusion and Rejection Criteria,Basic,Basic,Text (free),,flagged,,new in this revision (needs mapping)
Constants and Reference Values Used,Basic,Editable,Text (free),$MethodDefinition.schema:actionProcess.schema:step[schema:name='Data reduction'].schema:additionalProperty[schema:name='Constants Reference Values'].schema:defaultValue,authored,,"data-reduction step parameter, following geochronTAPP"
Constants and Reference Values Used,Basic,Editable,Text (free),$Dataset.prov:wasGeneratedBy.schema:actionProcess.schema:step[schema:name='Data reduction'].schema:additionalProperty[schema:name='Constants Reference Values'].schema:value,authored,,"data-reduction step parameter, following geochronTAPP"
Goodness-of-Fit or Dispersion Statistic,N/A,Basic,Text (free),,flagged,,new in this revision (needs mapping)
Session Identifier,N/A,Basic,Text (free),,flagged,,new in this revision (needs mapping)
