shape,Metadata Item,sidecar,Protocol Tier,Analysis Tier,Analyte-Specific,TAPP Schema Path,verdict,$Dataset counterpart,note
$MethodDefinition.ada:*,3D Image Registration,SEM_FIBSEM_TAPP_v4,Basic,Editable,,$MethodDefinition.ada:imageRegistration3D,$MethodDefinition.ada:imageRegistration3DDefault,$Dataset.prov:wasGeneratedBy.ada:imageRegistration3D,
$MethodDefinition.ada:*,3D Segmentation Method,SEM_FIBSEM_TAPP_v4,Basic,Editable,,$MethodDefinition.ada:segmentationMethod3D,$MethodDefinition.ada:segmentationMethod3DDefault,$Dataset.prov:wasGeneratedBy.ada:segmentationMethod3D,
$MethodDefinition.ada:*,Ablation Duration per Spot,LA-ICPMS_Geochron_Horstwood_TAPP_v6,Basic,Editable,,$MethodDefinition.ada:ablationSpotDuration,$MethodDefinition.ada:ablationSpotDurationDefault,$Dataset.prov:wasGeneratedBy.ada:ablationSpotDuration,
$MethodDefinition.ada:*,Ablation Duration per Spot,LA-Q_SF-ICPMS_TAPP_v3,Basic,Editable,,$MethodDefinition.ada:ablationSpotDuration,$MethodDefinition.ada:ablationSpotDurationDefault,$Dataset.prov:wasGeneratedBy.ada:ablationSpotDuration,
$MethodDefinition.ada:*,Analysis Sequence,LA-ICPMS_Geochron_Horstwood_TAPP_v6,Advanced,Editable,,$MethodDefinition.ada:analysisSequence,$MethodDefinition.schema:additionalProperty[schema:name='Analysis Sequence'].schema:defaultValue,$Dataset.prov:wasGeneratedBy.schema:additionalProperty[schema:name='Plasma Make up Gas Addition'].schema:value,
$MethodDefinition.ada:*,Analysis Sequence,LA-Q_SF-ICPMS_TAPP_v3,Basic,Editable,,$MethodDefinition.ada:analysisSequence,$MethodDefinition.ada:analysisSequenceDefault,$Dataset.prov:wasGeneratedBy.ada:analysisSequence,
$MethodDefinition.ada:*,CL Integration Time,SEM_Imaging_TAPP_v4,Basic,Editable,,$MethodDefinition.ada:clIntegrationTime,$MethodDefinition.ada:clIntegrationTimeDefault,$Dataset.prov:wasGeneratedBy.ada:clIntegrationTime,
$MethodDefinition.ada:*,Carrier Gas and Flow Rate,LA-ICPMS_Geochron_Horstwood_TAPP_v6,Basic,Editable,,$MethodDefinition.ada:carrierGasFlowRate,$MethodDefinition.ada:carrierGasFlowRateDefault,$Dataset.prov:wasGeneratedBy.ada:carrierGasFlowRate,
$MethodDefinition.ada:*,Carrier Gas and Flow Rate,LA-Q_SF-ICPMS_TAPP_v3,Basic,Editable,,$MethodDefinition.ada:carrierGasFlowRate,$MethodDefinition.ada:carrierGasFlowRateDefault,$Dataset.prov:wasGeneratedBy.ada:carrierGasFlowRate,
$MethodDefinition.ada:*,Constants and Reference Values Used,LA-ICPMS_Geochron_Horstwood_TAPP_v6,Basic,Editable,,$MethodDefinition.ada:constantsAndReferenceValuesUsed,$MethodDefinition.schema:actionProcess.schema:step[schema:name='dataReduction'].schema:additionalProperty[schema:name='Constants Reference Values'].schema:defaultValue,$Dataset.prov:wasGeneratedBy.schema:actionProcess.schema:step[schema:name='dataReduction'].schema:additionalProperty[schema:name='Constants Reference Values'].schema:value,
$MethodDefinition.ada:*,Crystal Structure Database,SEM_Imaging_TAPP_v4,Basic,Editable,,$MethodDefinition.ada:crystalStructureDatabase,$MethodDefinition.schema:actionProcess.schema:step[schema:name='dataReduction'].schema:additionalProperty[schema:name='Crystal Structure Database'].schema:defaultValue,$Dataset.prov:wasGeneratedBy.schema:actionProcess.schema:step[schema:name='dataReduction'].schema:additionalProperty[schema:name='Crystal Structure Database'].schema:value,
$MethodDefinition.ada:*,EDS Live Time per Point or Pixel,EPMA_TAPP_v7,Basic,Editable,,$MethodDefinition.ada:edsLiveTimePerPointOrPixel,$MethodDefinition.ada:edsLiveTimePerPointOrPixelDefault,$Dataset.prov:wasGeneratedBy.ada:edsLiveTimePerPointOrPixel,
$MethodDefinition.ada:*,EDS Live Time per Point or Pixel,SEM_Composition_TAPP_v4,Basic,Editable,,$MethodDefinition.ada:edsLiveTimePerPointOrPixel,$MethodDefinition.ada:edsLiveTimePerPointOrPixelDefault,$Dataset.prov:wasGeneratedBy.ada:edsLiveTimePerPointOrPixel,
$MethodDefinition.ada:*,Exposure Time per Projection,Lab-XCT_TAPP_v8,Basic,Editable,,$MethodDefinition.ada:exposureTimePerProjection,$MethodDefinition.ada:exposureTimePerProjectionDefault,$Dataset.prov:wasGeneratedBy.ada:exposureTimePerProjection,
$MethodDefinition.ada:*,Flat Field Correction,Lab-XCT_TAPP_v8,Basic,Editable,,$MethodDefinition.ada:flatFieldCorrection,$MethodDefinition.schema:actionProcess.schema:step[schema:name='dataReduction'].schema:additionalProperty[schema:name='Flat Field Correction'].schema:defaultValue,$Dataset.prov:wasGeneratedBy.schema:actionProcess.schema:step[schema:name='dataReduction'].schema:additionalProperty[schema:name='Flat Field Correction'].schema:value,
$MethodDefinition.ada:*,Integration Time per Peak/Dwell Times; Quadrupole Settling Time Between Mass Jumps,LA-ICPMS_Geochron_Horstwood_TAPP_v6,Basic,Editable,,$MethodDefinition.ada:integrationTimePerPeakDwellTimesQuadrupoleSettlingTimeBetweenMassJumps,$MethodDefinition.ada:dwellTimesDefault,$Dataset.prov:wasGeneratedBy.ada:dwellTimes,
$MethodDefinition.ada:*,Masses Measured,LA-ICPMS_Geochron_Horstwood_TAPP_v6,Basic,Editable,,$MethodDefinition.ada:massesMeasured,$MethodDefinition.ada:massesMeasuredDefault,$Dataset.prov:wasGeneratedBy.ada:massesMeasured,
$MethodDefinition.ada:*,Number of Projections,Lab-XCT_TAPP_v8,Basic,Editable,,$MethodDefinition.ada:numberOfProjections,$MethodDefinition.ada:numberOfProjectionsDefault,$Dataset.prov:wasGeneratedBy.ada:numberOfProjections,
$MethodDefinition.ada:*,Output Data Format,Lab-XCT_TAPP_v8,Basic,Editable,,$MethodDefinition.ada:outputDataFormat,$MethodDefinition.ada:outputDataFormatDefault,$Dataset.schema:distribution.schema:encodingFormat,
$MethodDefinition.ada:*,Primary Calibration Standard Name,LA-ICPMS_Geochron_Horstwood_TAPP_v6,Basic,Editable,,$MethodDefinition.ada:primaryStandardName,$MethodDefinition.ada:primaryStandardNameDefault,$Dataset.prov:wasGeneratedBy.prov:used.bios:reagent[ada:reagentRole='primaryStandard'].schema:name,
$MethodDefinition.ada:*,Primary Calibration Standard Name,LA-Q_SF-ICPMS_TAPP_v3,Basic,Editable,,$MethodDefinition.ada:primaryStandardName,$MethodDefinition.ada:primaryStandardNameDefault,$Dataset.prov:wasGeneratedBy.prov:used.bios:reagent[ada:reagentRole='primaryStandard'].schema:name,
$MethodDefinition.ada:*,Primary Calibration Standard Name,Solution_Q-ICP-MS_TAPP_v5,Basic,Editable,,$MethodDefinition.ada:primaryStandardName,$MethodDefinition.ada:primaryStandardNameDefault,$Dataset.prov:wasGeneratedBy.prov:used.bios:reagent[ada:reagentRole='primaryStandard'].schema:name,
$MethodDefinition.ada:*,Primary Calibration Standard Name,Solution_SF-ICP-MS_TAPP_v5,Basic,Editable,,$MethodDefinition.ada:primaryStandardName,$MethodDefinition.ada:primaryStandardNameDefault,$Dataset.prov:wasGeneratedBy.prov:used.bios:reagent[ada:reagentRole='primaryStandard'].schema:name,
$MethodDefinition.ada:*,RF Power (W),LA-ICPMS_Geochron_Horstwood_TAPP_v6,Basic,Editable,,$MethodDefinition.ada:rfPower,$MethodDefinition.schema:instrument[schema:additionalType='ICPMS'].schema:hasPart[schema:additionalType='ICP Source'].schema:additionalProperty[schema:name='RF Power'].schema:defaultValue,$Dataset.prov:wasGeneratedBy.prov:used.schema:instrument[schema:additionalType='ICPMS'].schema:hasPart[schema:additionalType='ICP Source'].schema:additionalProperty[schema:name='RF Power'].schema:value,
$MethodDefinition.ada:*,Raster Line Spacing (Mapping Only),LA-Q_SF-ICPMS_TAPP_v3,Basic,Editable,,$MethodDefinition.ada:rasterLineSpacing,$MethodDefinition.ada:rasterLineSpacingDefault,$Dataset.prov:wasGeneratedBy.ada:rasterLineSpacing,
$MethodDefinition.ada:*,Reconstruction Software,Lab-XCT_TAPP_v8,Basic,Editable,,$MethodDefinition.ada:reconstructionSoftware,$MethodDefinition.bios:computationalTool[ada:toolRole='dataReduction'].schema:name,$Dataset.prov:wasGeneratedBy.prov:used.bios:computationalTool[ada:toolRole='dataReduction'].schema:name,
$MethodDefinition.ada:*,Rotation Mode,Lab-XCT_TAPP_v8,Basic,Editable,,$MethodDefinition.ada:rotationMode,$MethodDefinition.ada:rotationModeDefault,$Dataset.prov:wasGeneratedBy.ada:rotationMode,
$MethodDefinition.ada:*,Rotation Range,Lab-XCT_TAPP_v8,Basic,Editable,,$MethodDefinition.ada:rotationRange,$MethodDefinition.ada:rotationRangeDefault,$Dataset.prov:wasGeneratedBy.ada:rotationRange,
$MethodDefinition.ada:*,Segmentation Method,Lab-XCT_TAPP_v8,Basic,Editable,,$MethodDefinition.ada:segmentationMethod,$MethodDefinition.ada:segmentationMethodDefault,$Dataset.prov:wasGeneratedBy.ada:segmentationMethod,
$MethodDefinition.ada:*,Segmentation and Analysis Software,Lab-XCT_TAPP_v8,Basic,Editable,,$MethodDefinition.ada:segmentationAndAnalysisSoftware,$MethodDefinition.bios:computationalTool[ada:toolRole='dataReduction'].schema:name,$Dataset.prov:wasGeneratedBy.prov:used.bios:computationalTool[ada:toolRole='dataReduction'].schema:name,
$MethodDefinition.ada:*,Spot Diameter,LA-ICPMS_Geochron_Horstwood_TAPP_v6,Basic,Editable,,$MethodDefinition.ada:spotDiameter,$MethodDefinition.ada:spotDiameterDefault,$Dataset.prov:wasGeneratedBy.ada:spotDiameter,
$MethodDefinition.ada:*,Sub-volume Stitching and Registration Method,Lab-XCT_TAPP_v8,Basic,Editable,,$MethodDefinition.ada:subVolumeStitchingAndRegistrationMethod,$MethodDefinition.schema:actionProcess.schema:step[schema:name='dataReduction'].schema:additionalProperty[schema:name='Volume Stitching And Registration'].schema:defaultValue,$Dataset.prov:wasGeneratedBy.schema:actionProcess.schema:step[schema:name='dataReduction'].schema:additionalProperty[schema:name='Volume Stitching And Registration'].schema:value,
$MethodDefinition.ada:*,Total Integration Time per Output Data Point (s),LA-ICPMS_Geochron_Horstwood_TAPP_v6,Basic,Editable,,$MethodDefinition.ada:totalIntegrationTimePerOutputDataPoint,$MethodDefinition.ada:totalIntegrationTimePerOutputDataPointDefault,$Dataset.prov:wasGeneratedBy.ada:totalIntegrationTimePerOutputDataPoint,
$MethodDefinition.ada:*,Tube Current,Lab-XCT_TAPP_v8,Basic,Editable,,$MethodDefinition.ada:tubeCurrent,$MethodDefinition.schema:instrument[schema:additionalType='XCT'].ada:tubeCurrentDefault,$Dataset.prov:wasGeneratedBy.prov:used.schema:instrument[schema:additionalType='XCT'].ada:tubeCurrent,
$MethodDefinition.ada:*,Voxel Size,Lab-XCT_TAPP_v8,Basic,Editable,,$MethodDefinition.ada:voxelSize,$MethodDefinition.schema:instrument[schema:additionalType='XCT'].ada:voxelSizeDefault,$Dataset.prov:wasGeneratedBy.prov:used.schema:instrument[schema:additionalType='XCT'].ada:voxelSize,
$MethodDefinition.ada:*,X-ray Pre-filter,Lab-XCT_TAPP_v8,Basic,Editable,,$MethodDefinition.ada:xRayPreFilter,$MethodDefinition.schema:instrument[schema:additionalType='XCT'].ada:xRayPreFilterDefault,$Dataset.prov:wasGeneratedBy.prov:used.schema:instrument[schema:additionalType='XCT'].ada:xRayPreFilter,
$MethodDefinition.ada:*[],Background Count Time,LA-Q_SF-ICPMS_TAPP_v3,Basic,Editable,,$MethodDefinition.ada:backgroundCountTime,$MethodDefinition.ada:backgroundCountTimeDefault,$Dataset.prov:wasGeneratedBy.ada:backgroundCountTime,
$MethodDefinition.ada:*[],Secondary Reference Materials,LA-ICPMS_Geochron_Horstwood_TAPP_v6,Basic,Editable,,$MethodDefinition.ada:secondaryReferenceMaterial[],$MethodDefinition.ada:secondaryReferenceMaterialDefault[],$Dataset.prov:wasGeneratedBy.prov:used.bios:reagent[ada:reagentRole='secondaryReferenceMaterial'].schema:name,
$MethodDefinition.ada:*[],Secondary Reference Materials,LA-Q_SF-ICPMS_TAPP_v3,Basic,Editable,,$MethodDefinition.ada:secondaryReferenceMaterial[],$MethodDefinition.ada:secondaryReferenceMaterialDefault[],$Dataset.prov:wasGeneratedBy.prov:used.bios:reagent[ada:reagentRole='secondaryReferenceMaterial'].schema:name,
$MethodDefinition.ada:*[],Secondary Reference Materials,Solution_Q-ICP-MS_TAPP_v5,Basic,Editable,,$MethodDefinition.ada:secondaryReferenceMaterial[],$MethodDefinition.ada:secondaryReferenceMaterialDefault[],$Dataset.prov:wasGeneratedBy.prov:used.bios:reagent[ada:reagentRole='secondaryReferenceMaterial'].schema:name,
$MethodDefinition.ada:*[],Secondary Reference Materials,Solution_SF-ICP-MS_TAPP_v5,Basic,Editable,,$MethodDefinition.ada:secondaryReferenceMaterial[],$MethodDefinition.ada:secondaryReferenceMaterialDefault[],$Dataset.prov:wasGeneratedBy.prov:used.bios:reagent[ada:reagentRole='secondaryReferenceMaterial'].schema:name,
$MethodDefinition.bios:computationalTool[ada:*='…'].schema:name,Acquisition Software,EPMA_TAPP_v7,Basic,Editable,,$MethodDefinition.bios:computationalTool[ada:toolRole='acquisition'].schema:name,$MethodDefinition.bios:computationalTool[ada:toolRole='acquisition'].schema:name,$Dataset.prov:wasGeneratedBy.prov:used.bios:computationalTool[ada:toolRole='acquisition'].schema:name,value in detail overrides value in $MethodDefinition
$MethodDefinition.bios:computationalTool[ada:*='…'].schema:name,Acquisition Software,LA-ICPMS_Geochron_Horstwood_TAPP_v6,Basic,Editable,,$MethodDefinition.bios:computationalTool[ada:toolRole='acquisition'].schema:name,$MethodDefinition.bios:computationalTool[ada:toolRole='acquisition'].schema:name,$Dataset.prov:wasGeneratedBy.prov:used.bios:computationalTool[ada:toolRole='acquisition'].schema:name,value in detail overrides value in $MethodDefinition
$MethodDefinition.bios:computationalTool[ada:*='…'].schema:name,Acquisition Software,LA-Q_SF-ICPMS_TAPP_v3,Basic,Editable,,$MethodDefinition.bios:computationalTool[ada:toolRole='acquisition'].schema:name,$MethodDefinition.bios:computationalTool[ada:toolRole='acquisition'].schema:name,$Dataset.prov:wasGeneratedBy.prov:used.bios:computationalTool[ada:toolRole='acquisition'].schema:name,value in detail overrides value in $MethodDefinition
$MethodDefinition.bios:computationalTool[ada:*='…'].schema:name,Acquisition Software,Lab-XCT_TAPP_v8,Basic,Editable,,$MethodDefinition.bios:computationalTool[ada:toolRole='acquisition'].schema:name,$MethodDefinition.bios:computationalTool[ada:toolRole='acquisition'].schema:name,$Dataset.prov:wasGeneratedBy.prov:used.bios:computationalTool[ada:toolRole='acquisition'].schema:name,value in detail overrides value in $MethodDefinition
$MethodDefinition.bios:computationalTool[ada:*='…'].schema:name,Acquisition Software,SEM_Composition_TAPP_v4,Basic,Editable,,$MethodDefinition.bios:computationalTool[ada:toolRole='acquisition'].schema:name,$MethodDefinition.bios:computationalTool[ada:toolRole='acquisition'].schema:name,$Dataset.prov:wasGeneratedBy.prov:used.bios:computationalTool[ada:toolRole='acquisition'].schema:name,value in detail overrides value in $MethodDefinition
$MethodDefinition.bios:computationalTool[ada:*='…'].schema:name,Acquisition Software,SEM_FIBSEM_TAPP_v4,Basic,Editable,,$MethodDefinition.bios:computationalTool[ada:toolRole='acquisition'].schema:name,$MethodDefinition.bios:computationalTool[ada:toolRole='acquisition'].schema:name,$Dataset.prov:wasGeneratedBy.prov:used.bios:computationalTool[ada:toolRole='acquisition'].schema:name,value in detail overrides value in $MethodDefinition
$MethodDefinition.bios:computationalTool[ada:*='…'].schema:name,Acquisition Software,SEM_Imaging_TAPP_v4,Basic,Editable,,$MethodDefinition.bios:computationalTool[ada:toolRole='acquisition'].schema:name,$MethodDefinition.bios:computationalTool[ada:toolRole='acquisition'].schema:name,$Dataset.prov:wasGeneratedBy.prov:used.bios:computationalTool[ada:toolRole='acquisition'].schema:name,value in detail overrides value in $MethodDefinition
$MethodDefinition.bios:computationalTool[ada:*='…'].schema:name,Acquisition Software,Solution_Q-ICP-MS_TAPP_v5,Basic,Editable,,$MethodDefinition.bios:computationalTool[ada:toolRole='acquisition'].schema:name,$MethodDefinition.bios:computationalTool[ada:toolRole='acquisition'].schema:name,$Dataset.prov:wasGeneratedBy.prov:used.bios:computationalTool[ada:toolRole='acquisition'].schema:name,value in detail overrides value in $MethodDefinition
$MethodDefinition.bios:computationalTool[ada:*='…'].schema:name,Acquisition Software,Solution_SF-ICP-MS_TAPP_v5,Basic,Editable,,$MethodDefinition.bios:computationalTool[ada:toolRole='acquisition'].schema:name,$MethodDefinition.bios:computationalTool[ada:toolRole='acquisition'].schema:name,$Dataset.prov:wasGeneratedBy.prov:used.bios:computationalTool[ada:toolRole='acquisition'].schema:name,value in detail overrides value in $MethodDefinition
$MethodDefinition.bios:computationalTool[ada:*='…'].schema:name,Data Reduction Software,EPMA_TAPP_v7,Basic,Editable,,$MethodDefinition.bios:computationalTool[ada:toolRole='dataReduction'].schema:name,$MethodDefinition.bios:computationalTool[ada:toolRole='dataReduction'].schema:name,$Dataset.prov:wasGeneratedBy.prov:used.bios:computationalTool[ada:toolRole='dataReduction'].schema:name,value in detail overrides value in $MethodDefinition
$MethodDefinition.bios:computationalTool[ada:*='…'].schema:name,Data Reduction Software,LA-ICPMS_Geochron_Horstwood_TAPP_v6,Basic,Editable,,$MethodDefinition.bios:computationalTool[ada:toolRole='dataReduction'].schema:name,$MethodDefinition.bios:computationalTool[ada:toolRole='dataReduction'].schema:name,$Dataset.prov:wasGeneratedBy.prov:used.bios:computationalTool[ada:toolRole='dataReduction'].schema:name,value in detail overrides value in $MethodDefinition
$MethodDefinition.bios:computationalTool[ada:*='…'].schema:name,Data Reduction Software,LA-Q_SF-ICPMS_TAPP_v3,Basic,Editable,,$MethodDefinition.bios:computationalTool[ada:toolRole='dataReduction'].schema:name,$MethodDefinition.bios:computationalTool[ada:toolRole='dataReduction'].schema:name,$Dataset.prov:wasGeneratedBy.prov:used.bios:computationalTool[ada:toolRole='dataReduction'].schema:name,value in detail overrides value in $MethodDefinition
$MethodDefinition.bios:computationalTool[ada:*='…'].schema:name,Data Reduction Software,SEM_Composition_TAPP_v4,Basic,Editable,,$MethodDefinition.bios:computationalTool[ada:toolRole='dataReduction'].schema:name,$MethodDefinition.bios:computationalTool[ada:toolRole='dataReduction'].schema:name,$Dataset.prov:wasGeneratedBy.prov:used.bios:computationalTool[ada:toolRole='dataReduction'].schema:name,value in detail overrides value in $MethodDefinition
$MethodDefinition.bios:computationalTool[ada:*='…'].schema:name,Data Reduction Software,SEM_FIBSEM_TAPP_v4,Basic,Editable,,$MethodDefinition.bios:computationalTool[ada:toolRole='dataReduction'].schema:name,$MethodDefinition.bios:computationalTool[ada:toolRole='dataReduction'].schema:name,$Dataset.prov:wasGeneratedBy.prov:used.bios:computationalTool[ada:toolRole='dataReduction'].schema:name,value in detail overrides value in $MethodDefinition
$MethodDefinition.bios:computationalTool[ada:*='…'].schema:name,Data Reduction Software,SEM_Imaging_TAPP_v4,Basic,Editable,,$MethodDefinition.bios:computationalTool[ada:toolRole='dataReduction'].schema:name,$MethodDefinition.bios:computationalTool[ada:toolRole='dataReduction'].schema:name,$Dataset.prov:wasGeneratedBy.prov:used.bios:computationalTool[ada:toolRole='dataReduction'].schema:name,value in detail overrides value in $MethodDefinition
$MethodDefinition.bios:computationalTool[ada:*='…'].schema:name,Data Reduction Software,Solution_Q-ICP-MS_TAPP_v5,Basic,Editable,,$MethodDefinition.bios:computationalTool[ada:toolRole='dataReduction'].schema:name,$MethodDefinition.bios:computationalTool[ada:toolRole='dataReduction'].schema:name,$Dataset.prov:wasGeneratedBy.prov:used.bios:computationalTool[ada:toolRole='dataReduction'].schema:name,value in detail overrides value in $MethodDefinition
$MethodDefinition.bios:computationalTool[ada:*='…'].schema:name,Data Reduction Software,Solution_SF-ICP-MS_TAPP_v5,Basic,Editable,,$MethodDefinition.bios:computationalTool[ada:toolRole='dataReduction'].schema:name,$MethodDefinition.bios:computationalTool[ada:toolRole='dataReduction'].schema:name,$Dataset.prov:wasGeneratedBy.prov:used.bios:computationalTool[ada:toolRole='dataReduction'].schema:name,value in detail overrides value in $MethodDefinition
$MethodDefinition.schema:actionProcess.schema:step[schema:name='…'].schema:additionalProperty[schema:name='…'].schema:value,Coarse Milling Conditions,SEM_FIBSEM_TAPP_v4,Basic,Editable,,$MethodDefinition.schema:actionProcess.schema:step[schema:name='ionMilling'].schema:additionalProperty[schema:name='Coarse Milling Conditions'].schema:value,$MethodDefinition.schema:actionProcess.schema:step[schema:name='ionMilling'].schema:additionalProperty[schema:name='Coarse Milling Conditions'].schema:defaultValue,$Dataset.prov:wasGeneratedBy.schema:actionProcess.schema:step[schema:name='ionMilling'].schema:additionalProperty[schema:name='Coarse Milling Conditions'].schema:value,
$MethodDefinition.schema:actionProcess.schema:step[schema:name='…'].schema:additionalProperty[schema:name='…'].schema:value,Digestion Duration,Solution_Q-ICP-MS_TAPP_v5,Basic,Editable,,$MethodDefinition.schema:actionProcess.schema:step[schema:name='sampleDigestion'].schema:additionalProperty[schema:name='Digestion Duration'].schema:value,$MethodDefinition.schema:actionProcess.schema:step[schema:name='sampleDigestion'].schema:additionalProperty[schema:name='Digestion Duration'].schema:defaultValue,$Dataset.prov:wasGeneratedBy.schema:actionProcess.schema:step[schema:name='sampleDigestion'].schema:additionalProperty[schema:name='Digestion Duration'].schema:value,
$MethodDefinition.schema:actionProcess.schema:step[schema:name='…'].schema:additionalProperty[schema:name='…'].schema:value,Digestion Duration,Solution_SF-ICP-MS_TAPP_v5,Basic,Editable,,$MethodDefinition.schema:actionProcess.schema:step[schema:name='sampleDigestion'].schema:additionalProperty[schema:name='Digestion Duration'].schema:value,$MethodDefinition.schema:actionProcess.schema:step[schema:name='sampleDigestion'].schema:additionalProperty[schema:name='Digestion Duration'].schema:defaultValue,$Dataset.prov:wasGeneratedBy.schema:actionProcess.schema:step[schema:name='sampleDigestion'].schema:additionalProperty[schema:name='Digestion Duration'].schema:value,
$MethodDefinition.schema:actionProcess.schema:step[schema:name='…'].schema:additionalProperty[schema:name='…'].schema:value,Digestion Temperature,Solution_Q-ICP-MS_TAPP_v5,Basic,Editable,,$MethodDefinition.schema:actionProcess.schema:step[schema:name='sampleDigestion'].schema:additionalProperty[schema:name='Digestion Temperature'].schema:value,$MethodDefinition.schema:actionProcess.schema:step[schema:name='sampleDigestion'].schema:additionalProperty[schema:name='Digestion Temperature'].schema:defaultValue,$Dataset.prov:wasGeneratedBy.schema:actionProcess.schema:step[schema:name='sampleDigestion'].schema:additionalProperty[schema:name='Digestion Temperature'].schema:value,
$MethodDefinition.schema:actionProcess.schema:step[schema:name='…'].schema:additionalProperty[schema:name='…'].schema:value,Digestion Temperature,Solution_SF-ICP-MS_TAPP_v5,Basic,Editable,,$MethodDefinition.schema:actionProcess.schema:step[schema:name='sampleDigestion'].schema:additionalProperty[schema:name='Digestion Temperature'].schema:value,$MethodDefinition.schema:actionProcess.schema:step[schema:name='sampleDigestion'].schema:additionalProperty[schema:name='Digestion Temperature'].schema:defaultValue,$Dataset.prov:wasGeneratedBy.schema:actionProcess.schema:step[schema:name='sampleDigestion'].schema:additionalProperty[schema:name='Digestion Temperature'].schema:value,
$MethodDefinition.schema:actionProcess.schema:step[schema:name='…'].schema:additionalProperty[schema:name='…'].schema:value,Fine Polishing Conditions,SEM_FIBSEM_TAPP_v4,Basic,Editable,,$MethodDefinition.schema:actionProcess.schema:step[schema:name='ionMilling'].schema:additionalProperty[schema:name='Fine Polishing Conditions'].schema:value,$MethodDefinition.schema:actionProcess.schema:step[schema:name='ionMilling'].schema:additionalProperty[schema:name='Fine Polishing Conditions'].schema:defaultValue,$Dataset.prov:wasGeneratedBy.schema:actionProcess.schema:step[schema:name='ionMilling'].schema:additionalProperty[schema:name='Fine Polishing Conditions'].schema:value,
$MethodDefinition.schema:actionProcess.schema:step[schema:name='…'].schema:additionalProperty[schema:name='…'].schema:value,Fusion Flux and Dilution Ratio,LA-Q_SF-ICPMS_TAPP_v3,Advanced,Editable,,$MethodDefinition.schema:actionProcess.schema:step[schema:name='samplePreparation'].schema:additionalProperty[schema:name='Fusion Flux and Dilution Ratio'].schema:value,$MethodDefinition.schema:actionProcess.schema:step[schema:name='samplePreparation'].schema:additionalProperty[schema:name='Fusion Flux and Dilution Ratio'].schema:defaultValue,$Dataset.prov:wasGeneratedBy.schema:actionProcess.schema:step[schema:name='samplePreparation'].schema:additionalProperty[schema:name='Fusion Flux and Dilution Ratio'].schema:value,
$MethodDefinition.schema:actionProcess.schema:step[schema:name='…'].schema:additionalProperty[schema:name='…'].schema:value,Pre-Ablation Surface Treatment,LA-ICPMS_Geochron_Horstwood_TAPP_v6,Advanced,Editable,,$MethodDefinition.schema:actionProcess.schema:step[schema:name='samplePreparation'].schema:additionalProperty[schema:name='Pre Ablation Surface Treatment'].schema:value,$MethodDefinition.schema:actionProcess.schema:step[schema:name='samplePreparation'].schema:additionalProperty[schema:name='Pre Ablation Surface Treatment'].schema:defaultValue,$Dataset.prov:wasGeneratedBy.schema:actionProcess.schema:step[schema:name='samplePreparation'].schema:additionalProperty[schema:name='Pre Ablation Surface Treatment'].schema:value,
$MethodDefinition.schema:actionProcess.schema:step[schema:name='…'].schema:additionalProperty[schema:name='…'].schema:value,Pre-Ablation Surface Treatment,LA-Q_SF-ICPMS_TAPP_v3,Advanced,Editable,,$MethodDefinition.schema:actionProcess.schema:step[schema:name='samplePreparation'].schema:additionalProperty[schema:name='Pre Ablation Surface Treatment'].schema:value,$MethodDefinition.schema:actionProcess.schema:step[schema:name='samplePreparation'].schema:additionalProperty[schema:name='Pre Ablation Surface Treatment'].schema:defaultValue,$Dataset.prov:wasGeneratedBy.schema:actionProcess.schema:step[schema:name='samplePreparation'].schema:additionalProperty[schema:name='Pre Ablation Surface Treatment'].schema:value,
$MethodDefinition.schema:actionProcess.schema:step[schema:name='…'].schema:additionalProperty[schema:name='…'].schema:value,Protective Coating Deposition,SEM_FIBSEM_TAPP_v4,Basic,Editable,,$MethodDefinition.schema:actionProcess.schema:step[schema:name='samplePreparation'].schema:additionalProperty[schema:name='Protective Coating Deposition'].schema:value,$MethodDefinition.schema:actionProcess.schema:step[schema:name='samplePreparation'].schema:additionalProperty[schema:name='Protective Coating Deposition'].schema:defaultValue,$Dataset.prov:wasGeneratedBy.schema:actionProcess.schema:step[schema:name='samplePreparation'].schema:additionalProperty[schema:name='Protective Coating Deposition'].schema:value,
$MethodDefinition.schema:actionProcess.schema:step[schema:name='…'].schema:additionalProperty[schema:name='…'].schema:value,Slice Thickness,SEM_FIBSEM_TAPP_v4,Basic,Editable,,$MethodDefinition.schema:actionProcess.schema:step[schema:name='ionMilling'].schema:additionalProperty[schema:name='Slice Thickness'].schema:value,$MethodDefinition.schema:actionProcess.schema:step[schema:name='ionMilling'].schema:additionalProperty[schema:name='Slice Thickness'].schema:defaultValue,$Dataset.prov:wasGeneratedBy.schema:actionProcess.schema:step[schema:name='ionMilling'].schema:additionalProperty[schema:name='Slice Thickness'].schema:value,
$MethodDefinition.schema:actionProcess.schema:step[schema:name='…'].schema:additionalProperty[schema:name='…'].schema:value,Target Foil Thickness,SEM_FIBSEM_TAPP_v4,Basic,Editable,,$MethodDefinition.schema:actionProcess.schema:step[schema:name='ionMilling'].schema:additionalProperty[schema:name='Target Foil Thickness'].schema:value,$MethodDefinition.schema:actionProcess.schema:step[schema:name='ionMilling'].schema:additionalProperty[schema:name='Target Foil Thickness'].schema:defaultValue,$Dataset.prov:wasGeneratedBy.schema:actionProcess.schema:step[schema:name='ionMilling'].schema:additionalProperty[schema:name='Target Foil Thickness'].schema:value,
$MethodDefinition.schema:actionProcess.schema:step[schema:name='…'].schema:description,Ion Milling Conditions (3D Tomography),SEM_FIBSEM_TAPP_v4,Basic,Editable,,$MethodDefinition.schema:actionProcess.schema:step[schema:name='ionMilling'].schema:description,$MethodDefinition.schema:actionProcess.schema:step[schema:name='ionMilling'].schema:description,$Dataset.prov:wasGeneratedBy.schema:actionProcess.schema:step[schema:name='ionMilling'].schema:description,
$MethodDefinition.schema:actionProcess.schema:step[schema:name='…'].schema:description,Sample Preparation Method,EPMA_TAPP_v7,Basic,Editable,,$MethodDefinition.schema:actionProcess.schema:step[schema:name='samplePreparation'].schema:description,$MethodDefinition.schema:actionProcess.schema:step[schema:name='samplePreparation'].schema:description,$Dataset.prov:wasGeneratedBy.schema:actionProcess.schema:step[schema:name='samplePreparation'].schema:description,
$MethodDefinition.schema:actionProcess.schema:step[schema:name='…'].schema:description,Sample Preparation Method,LA-ICPMS_Geochron_Horstwood_TAPP_v6,Basic,Editable,,$MethodDefinition.schema:actionProcess.schema:step[schema:name='samplePreparation'].schema:description,$MethodDefinition.schema:actionProcess.schema:step[schema:name='samplePreparation'].schema:description,$Dataset.prov:wasGeneratedBy.schema:actionProcess.schema:step[schema:name='samplePreparation'].schema:description,
$MethodDefinition.schema:actionProcess.schema:step[schema:name='…'].schema:description,Sample Preparation Method,LA-Q_SF-ICPMS_TAPP_v3,Basic,Editable,,$MethodDefinition.schema:actionProcess.schema:step[schema:name='samplePreparation'].schema:description,$MethodDefinition.schema:actionProcess.schema:step[schema:name='samplePreparation'].schema:description,$Dataset.prov:wasGeneratedBy.schema:actionProcess.schema:step[schema:name='samplePreparation'].schema:description,
$MethodDefinition.schema:actionProcess.schema:step[schema:name='…'].schema:description,Sample Preparation Method,SEM_Composition_TAPP_v4,Basic,Editable,,$MethodDefinition.schema:actionProcess.schema:step[schema:name='samplePreparation'].schema:description,$MethodDefinition.schema:actionProcess.schema:step[schema:name='samplePreparation'].schema:description,$Dataset.prov:wasGeneratedBy.schema:actionProcess.schema:step[schema:name='samplePreparation'].schema:description,
$MethodDefinition.schema:actionProcess.schema:step[schema:name='…'].schema:description,Sample Preparation Method,SEM_FIBSEM_TAPP_v4,Basic,Editable,,$MethodDefinition.schema:actionProcess.schema:step[schema:name='samplePreparation'].schema:description,$MethodDefinition.schema:actionProcess.schema:step[schema:name='samplePreparation'].schema:description,$Dataset.prov:wasGeneratedBy.schema:actionProcess.schema:step[schema:name='samplePreparation'].schema:description,
$MethodDefinition.schema:actionProcess.schema:step[schema:name='…'].schema:description,Sample Preparation Method,SEM_Imaging_TAPP_v4,Basic,Editable,,$MethodDefinition.schema:actionProcess.schema:step[schema:name='samplePreparation'].schema:description,$MethodDefinition.schema:actionProcess.schema:step[schema:name='samplePreparation'].schema:description,$Dataset.prov:wasGeneratedBy.schema:actionProcess.schema:step[schema:name='samplePreparation'].schema:description,
$MethodDefinition.schema:additionalProperty[schema:name='…'].schema:value,Image Pixel Size,SEM_Imaging_TAPP_v4,Advanced,Basic,,$MethodDefinition.schema:additionalProperty[schema:name='Image Pixel Size'].schema:value,$MethodDefinition.schema:additionalProperty[schema:name='Image Pixel Size'].schema:defaultValue,$Dataset.prov:wasGeneratedBy.schema:additionalProperty[schema:name='Image Pixel Size'].schema:value,
$MethodDefinition.schema:additionalProperty[schema:name='…'].schema:value,Sample Dimensions (L × W × H),Lab-XCT_TAPP_v8,Advanced,Basic,,$MethodDefinition.schema:additionalProperty[schema:name='Sample Dimensions L W H'].schema:value,$MethodDefinition.schema:object[@type='https://w3id.org/isample/vocabulary/materialsampleobjecttype/materialsample'].schema:additionalProperty[schema:name='Sample Dimensions L W H'].schema:defaultValue,$Dataset.prov:wasGeneratedBy.schema:object[@type='https://w3id.org/isample/vocabulary/materialsampleobjecttype/materialsample'].schema:additionalProperty[schema:name='Sample Dimensions L W H'].schema:value,
$MethodDefinition.schema:description,Additional Notes,EPMA_TAPP_v7,Advanced,Advanced,,$MethodDefinition.schema:description,$MethodDefinition.schema:description,$Dataset.prov:wasGeneratedBy.schema:description,
$MethodDefinition.schema:description,Additional Notes,LA-Q_SF-ICPMS_TAPP_v3,Advanced,Advanced,,$MethodDefinition.schema:description,$MethodDefinition.schema:description,$Dataset.prov:wasGeneratedBy.schema:description,
$MethodDefinition.schema:description,Additional Notes,SEM_Composition_TAPP_v4,Advanced,Advanced,,$MethodDefinition.schema:description,$MethodDefinition.schema:description,$Dataset.prov:wasGeneratedBy.schema:description,
$MethodDefinition.schema:description,Additional Notes,SEM_FIBSEM_TAPP_v4,Advanced,Advanced,,$MethodDefinition.schema:description,$MethodDefinition.schema:description,$Dataset.prov:wasGeneratedBy.schema:description,
$MethodDefinition.schema:description,Additional Notes,SEM_Imaging_TAPP_v4,Advanced,Advanced,,$MethodDefinition.schema:description,$MethodDefinition.schema:description,$Dataset.prov:wasGeneratedBy.schema:description,
$MethodDefinition.schema:description,Additional Notes,Solution_Q-ICP-MS_TAPP_v5,Advanced,Advanced,,$MethodDefinition.schema:description,$MethodDefinition.schema:description,$Dataset.prov:wasGeneratedBy.schema:description,
$MethodDefinition.schema:description,Additional Notes,Solution_SF-ICP-MS_TAPP_v5,Advanced,Advanced,,$MethodDefinition.schema:description,$MethodDefinition.schema:description,$Dataset.prov:wasGeneratedBy.schema:description,
$MethodDefinition.schema:instrument[schema:additionalType='…'].ada:*,Laser Fluence (Energy Density),LA-ICPMS_Geochron_Horstwood_TAPP_v6,Basic,Editable,,$MethodDefinition.schema:instrument[schema:additionalType='Laser Ablation System'].ada:laserFluence,$MethodDefinition.schema:instrument[schema:additionalType='Laser Ablation System'].ada:laserFluenceDefault,$Dataset.prov:wasGeneratedBy.prov:used.schema:instrument[schema:additionalType='Laser Ablation System'].ada:laserFluence,
$MethodDefinition.schema:instrument[schema:additionalType='…'].ada:*,Laser Fluence (Energy Density),LA-Q_SF-ICPMS_TAPP_v3,Basic,Editable,,$MethodDefinition.schema:instrument[schema:additionalType='Laser Ablation System'].ada:laserFluence,$MethodDefinition.schema:instrument[schema:additionalType='Laser Ablation System'].ada:laserFluenceDefault,$Dataset.prov:wasGeneratedBy.prov:used.schema:instrument[schema:additionalType='Laser Ablation System'].ada:laserFluence,
$MethodDefinition.schema:instrument[schema:additionalType='…'].ada:*,Laser Repetition Rate,LA-ICPMS_Geochron_Horstwood_TAPP_v6,Basic,Editable,,$MethodDefinition.schema:instrument[schema:additionalType='Laser Ablation System'].ada:laserRepetitionRate,$MethodDefinition.schema:instrument[schema:additionalType='Laser Ablation System'].ada:laserRepetitionRateDefault,$Dataset.prov:wasGeneratedBy.prov:used.schema:instrument[schema:additionalType='Laser Ablation System'].ada:laserRepetitionRate,
$MethodDefinition.schema:instrument[schema:additionalType='…'].ada:*,Laser Repetition Rate,LA-Q_SF-ICPMS_TAPP_v3,Basic,Editable,,$MethodDefinition.schema:instrument[schema:additionalType='Laser Ablation System'].ada:laserRepetitionRate,$MethodDefinition.schema:instrument[schema:additionalType='Laser Ablation System'].ada:laserRepetitionRateDefault,$Dataset.prov:wasGeneratedBy.prov:used.schema:instrument[schema:additionalType='Laser Ablation System'].ada:laserRepetitionRate,
$MethodDefinition.schema:instrument[schema:additionalType='…'].ada:*,Laser Spot Geometry,LA-Q_SF-ICPMS_TAPP_v3,Basic,Editable,,$MethodDefinition.schema:instrument[schema:additionalType='Laser Ablation System'].ada:laserSpotGeometry,$MethodDefinition.schema:instrument[schema:additionalType='Laser Ablation System'].ada:laserSpotGeometryDefault,$Dataset.prov:wasGeneratedBy.prov:used.schema:instrument[schema:additionalType='Laser Ablation System'].ada:laserSpotGeometry,
$MethodDefinition.schema:instrument[schema:additionalType='…'].schema:additionalProperty[schema:name='…'].schema:defaultValue,Mass Resolution Setting,LA-ICPMS_Geochron_Horstwood_TAPP_v6,Advanced,Editable,,$MethodDefinition.schema:instrument[schema:additionalType='ICPMS'].schema:additionalProperty[schema:name='Mass Resolution Setting'].schema:value,$MethodDefinition.schema:instrument[schema:additionalType='ICPMS'].schema:additionalProperty[schema:name='Mass Resolution Setting'].schema:defaultValue,$Dataset.prov:wasGeneratedBy.prov:used.schema:instrument[schema:additionalType='ICPMS'].schema:additionalProperty[schema:name='Mass Resolution Setting'].schema:value,
$MethodDefinition.schema:instrument[schema:additionalType='…'].schema:additionalProperty[schema:name='…'].schema:defaultValue,Mass Resolution Setting,LA-Q_SF-ICPMS_TAPP_v3,Basic,Editable,,$MethodDefinition.schema:instrument[schema:additionalType='ICPMS'].schema:additionalProperty[schema:name='Mass Resolution Setting'].schema:value,$MethodDefinition.schema:instrument[schema:additionalType='ICPMS'].schema:additionalProperty[schema:name='Mass Resolution Setting'].schema:defaultValue,$Dataset.prov:wasGeneratedBy.prov:used.schema:instrument[schema:additionalType='ICPMS'].schema:additionalProperty[schema:name='Mass Resolution Setting'].schema:value,
$MethodDefinition.schema:instrument[schema:additionalType='…'].schema:additionalProperty[schema:name='…'].schema:value,Mass Resolution Setting,Solution_SF-ICP-MS_TAPP_v5,Basic,Editable,,$MethodDefinition.schema:instrument[schema:additionalType='ICPMS'].schema:additionalProperty[schema:name='Mass Resolution Setting'].schema:value,$MethodDefinition.schema:instrument[schema:additionalType='ICPMS'].schema:additionalProperty[schema:name='Mass Resolution Setting'].schema:defaultValue,$Dataset.prov:wasGeneratedBy.prov:used.schema:instrument[schema:additionalType='ICPMS'].schema:additionalProperty[schema:name='Mass Resolution Setting'].schema:value,
$MethodDefinition.schema:instrument[schema:additionalType='…'].schema:hasPart[schema:additionalType='…'].schema:additionalProperty[schema:name='…'].schema:value,Cell Exit Discrimination Voltage,LA-ICPMS_Geochron_Horstwood_TAPP_v6,Advanced,Editable,,$MethodDefinition.schema:instrument[schema:additionalType='ICPMS'].schema:hasPart[schema:additionalType='Collision Reaction Cell'].schema:additionalProperty[schema:name='Cell Exit Discrimination Voltage'].schema:value,$MethodDefinition.schema:instrument[schema:additionalType='ICPMS'].schema:hasPart[schema:additionalType='Collision Reaction Cell'].schema:additionalProperty[schema:name='Cell Exit Discrimination Voltage'].schema:defaultValue,$Dataset.prov:wasGeneratedBy.prov:used.schema:instrument[schema:additionalType='ICPMS'].schema:hasPart[schema:additionalType='Collision Reaction Cell'].schema:additionalProperty[schema:name='Cell Exit Discrimination Voltage'].schema:value,
$MethodDefinition.schema:instrument[schema:additionalType='…'].schema:hasPart[schema:additionalType='…'].schema:additionalProperty[schema:name='…'].schema:value,Cell Exit Discrimination Voltage,LA-Q_SF-ICPMS_TAPP_v3,Basic,Editable,,$MethodDefinition.schema:instrument[schema:additionalType='ICPMS'].schema:hasPart[schema:additionalType='Collision Reaction Cell'].schema:additionalProperty[schema:name='Cell Exit Discrimination Voltage'].schema:value,$MethodDefinition.schema:instrument[schema:additionalType='ICPMS'].schema:hasPart[schema:additionalType='Collision Reaction Cell'].schema:additionalProperty[schema:name='Cell Exit Discrimination Voltage'].schema:defaultValue,$Dataset.prov:wasGeneratedBy.prov:used.schema:instrument[schema:additionalType='ICPMS'].schema:hasPart[schema:additionalType='Collision Reaction Cell'].schema:additionalProperty[schema:name='Cell Exit Discrimination Voltage'].schema:value,
$MethodDefinition.schema:instrument[schema:additionalType='…'].schema:hasPart[schema:additionalType='…'].schema:additionalProperty[schema:name='…'].schema:value,Cell Exit Discrimination Voltage,Solution_Q-ICP-MS_TAPP_v5,Basic,Editable,,$MethodDefinition.schema:instrument[schema:additionalType='ICPMS'].schema:hasPart[schema:additionalType='Collision Reaction Cell'].schema:additionalProperty[schema:name='Cell Exit Discrimination Voltage'].schema:value,$MethodDefinition.schema:instrument[schema:additionalType='ICPMS'].schema:hasPart[schema:additionalType='Collision Reaction Cell'].schema:additionalProperty[schema:name='Cell Exit Discrimination Voltage'].schema:defaultValue,$Dataset.prov:wasGeneratedBy.prov:used.schema:instrument[schema:additionalType='ICPMS'].schema:hasPart[schema:additionalType='Collision Reaction Cell'].schema:additionalProperty[schema:name='Cell Exit Discrimination Voltage'].schema:value,
$MethodDefinition.schema:instrument[schema:additionalType='…'].schema:hasPart[schema:additionalType='…'].schema:additionalProperty[schema:name='…'].schema:value,Collision Gas Flow Rate,LA-ICPMS_Geochron_Horstwood_TAPP_v6,Advanced,Editable,,$MethodDefinition.schema:instrument[schema:additionalType='ICPMS'].schema:hasPart[schema:additionalType='Collision Reaction Cell'].schema:additionalProperty[schema:name='Gas Flow Rate'].schema:value,$MethodDefinition.schema:instrument[schema:additionalType='ICPMS'].schema:hasPart[schema:additionalType='Collision Reaction Cell'].schema:additionalProperty[schema:name='Gas Flow Rate'].schema:defaultValue,$Dataset.prov:wasGeneratedBy.prov:used.schema:instrument[schema:additionalType='ICPMS'].schema:hasPart[schema:additionalType='Collision Reaction Cell'].schema:additionalProperty[schema:name='Gas Flow Rate'].schema:value,
$MethodDefinition.schema:instrument[schema:additionalType='…'].schema:hasPart[schema:additionalType='…'].schema:additionalProperty[schema:name='…'].schema:value,Collision Gas Flow Rate,LA-Q_SF-ICPMS_TAPP_v3,Basic,Editable,,$MethodDefinition.schema:instrument[schema:additionalType='ICPMS'].schema:hasPart[schema:additionalType='Collision Reaction Cell'].schema:additionalProperty[schema:name='Gas Flow Rate'].schema:value,$MethodDefinition.schema:instrument[schema:additionalType='ICPMS'].schema:hasPart[schema:additionalType='Collision Reaction Cell'].schema:additionalProperty[schema:name='Gas Flow Rate'].schema:defaultValue,$Dataset.prov:wasGeneratedBy.prov:used.schema:instrument[schema:additionalType='ICPMS'].schema:hasPart[schema:additionalType='Collision Reaction Cell'].schema:additionalProperty[schema:name='Gas Flow Rate'].schema:value,
$MethodDefinition.schema:instrument[schema:additionalType='…'].schema:hasPart[schema:additionalType='…'].schema:additionalProperty[schema:name='…'].schema:value,Collision Gas Flow Rate,Solution_Q-ICP-MS_TAPP_v5,Basic,Editable,,$MethodDefinition.schema:instrument[schema:additionalType='ICPMS'].schema:hasPart[schema:additionalType='Collision Reaction Cell'].schema:additionalProperty[schema:name='Gas Flow Rate'].schema:value,$MethodDefinition.schema:instrument[schema:additionalType='ICPMS'].schema:hasPart[schema:additionalType='Collision Reaction Cell'].schema:additionalProperty[schema:name='Gas Flow Rate'].schema:defaultValue,$Dataset.prov:wasGeneratedBy.prov:used.schema:instrument[schema:additionalType='ICPMS'].schema:hasPart[schema:additionalType='Collision Reaction Cell'].schema:additionalProperty[schema:name='Gas Flow Rate'].schema:value,
$MethodDefinition.schema:instrument[schema:additionalType='…'].schema:hasPart[schema:additionalType='…'].schema:additionalProperty[schema:name='…'].schema:value,Nebulizer Gas Flow Rate,Solution_Q-ICP-MS_TAPP_v5,Basic,Editable,,$MethodDefinition.schema:instrument[schema:additionalType='ICPMS'].schema:hasPart[schema:additionalType='Sample Introduction System'].schema:additionalProperty[schema:name='Nebulizer Gas Flow Rate'].schema:value,$MethodDefinition.schema:instrument[schema:additionalType='ICPMS'].schema:hasPart[schema:additionalType='Sample Introduction System'].schema:additionalProperty[schema:name='Nebulizer Gas Flow Rate'].schema:defaultValue,$Dataset.prov:wasGeneratedBy.prov:used.schema:instrument[schema:additionalType='ICPMS'].schema:hasPart[schema:additionalType='Sample Introduction System'].schema:additionalProperty[schema:name='Nebulizer Gas Flow Rate'].schema:value,
$MethodDefinition.schema:instrument[schema:additionalType='…'].schema:hasPart[schema:additionalType='…'].schema:additionalProperty[schema:name='…'].schema:value,Nebulizer Gas Flow Rate,Solution_SF-ICP-MS_TAPP_v5,Basic,Editable,,$MethodDefinition.schema:instrument[schema:additionalType='ICPMS'].schema:hasPart[schema:additionalType='Sample Introduction System'].schema:additionalProperty[schema:name='Nebulizer Gas Flow Rate'].schema:value,$MethodDefinition.schema:instrument[schema:additionalType='ICPMS'].schema:hasPart[schema:additionalType='Sample Introduction System'].schema:additionalProperty[schema:name='Nebulizer Gas Flow Rate'].schema:defaultValue,$Dataset.prov:wasGeneratedBy.prov:used.schema:instrument[schema:additionalType='ICPMS'].schema:hasPart[schema:additionalType='Sample Introduction System'].schema:additionalProperty[schema:name='Nebulizer Gas Flow Rate'].schema:value,
$MethodDefinition.schema:instrument[schema:additionalType='…'].schema:hasPart[schema:additionalType='…'].schema:additionalProperty[schema:name='…'].schema:value,RF Power,LA-Q_SF-ICPMS_TAPP_v3,Basic,Editable,,$MethodDefinition.schema:instrument[schema:additionalType='ICPMS'].schema:hasPart[schema:additionalType='ICP Source'].schema:additionalProperty[schema:name='RF Power'].schema:value,$MethodDefinition.schema:instrument[schema:additionalType='ICPMS'].schema:hasPart[schema:additionalType='ICP Source'].schema:additionalProperty[schema:name='RF Power'].schema:defaultValue,$Dataset.prov:wasGeneratedBy.prov:used.schema:instrument[schema:additionalType='ICPMS'].schema:hasPart[schema:additionalType='ICP Source'].schema:additionalProperty[schema:name='RF Power'].schema:value,
$MethodDefinition.schema:instrument[schema:additionalType='…'].schema:hasPart[schema:additionalType='…'].schema:additionalProperty[schema:name='…'].schema:value,RF Power,Solution_Q-ICP-MS_TAPP_v5,Basic,Editable,,$MethodDefinition.schema:instrument[schema:additionalType='ICPMS'].schema:hasPart[schema:additionalType='ICP Source'].schema:additionalProperty[schema:name='RF Power'].schema:value,$MethodDefinition.schema:instrument[schema:additionalType='ICPMS'].schema:hasPart[schema:additionalType='ICP Source'].schema:additionalProperty[schema:name='RF Power'].schema:defaultValue,$Dataset.prov:wasGeneratedBy.prov:used.schema:instrument[schema:additionalType='ICPMS'].schema:hasPart[schema:additionalType='ICP Source'].schema:additionalProperty[schema:name='RF Power'].schema:value,
$MethodDefinition.schema:instrument[schema:additionalType='…'].schema:hasPart[schema:additionalType='…'].schema:additionalProperty[schema:name='…'].schema:value,RF Power,Solution_SF-ICP-MS_TAPP_v5,Basic,Editable,,$MethodDefinition.schema:instrument[schema:additionalType='ICPMS'].schema:hasPart[schema:additionalType='ICP Source'].schema:additionalProperty[schema:name='RF Power'].schema:value,$MethodDefinition.schema:instrument[schema:additionalType='ICPMS'].schema:hasPart[schema:additionalType='ICP Source'].schema:additionalProperty[schema:name='RF Power'].schema:defaultValue,$Dataset.prov:wasGeneratedBy.prov:used.schema:instrument[schema:additionalType='ICPMS'].schema:hasPart[schema:additionalType='ICP Source'].schema:additionalProperty[schema:name='RF Power'].schema:value,
$MethodDefinition.schema:instrument[schema:additionalType='…'].schema:hasPart[schema:additionalType='…'].schema:additionalProperty[schema:name='…'].schema:value,Reaction Gas Flow Rate,LA-ICPMS_Geochron_Horstwood_TAPP_v6,Advanced,Editable,,$MethodDefinition.schema:instrument[schema:additionalType='ICPMS'].schema:hasPart[schema:additionalType='Collision Reaction Cell'].schema:additionalProperty[schema:name='Reaction Gas Flow Rate'].schema:value,$MethodDefinition.schema:instrument[schema:additionalType='ICPMS'].schema:hasPart[schema:additionalType='Collision Reaction Cell'].schema:additionalProperty[schema:name='Reaction Gas Flow Rate'].schema:defaultValue,$Dataset.prov:wasGeneratedBy.prov:used.schema:instrument[schema:additionalType='ICPMS'].schema:hasPart[schema:additionalType='Collision Reaction Cell'].schema:additionalProperty[schema:name='Reaction Gas Flow Rate'].schema:value,
$MethodDefinition.schema:instrument[schema:additionalType='…'].schema:hasPart[schema:additionalType='…'].schema:additionalProperty[schema:name='…'].schema:value,Reaction Gas Flow Rate,LA-Q_SF-ICPMS_TAPP_v3,Advanced,Editable,,$MethodDefinition.schema:instrument[schema:additionalType='ICPMS'].schema:hasPart[schema:additionalType='Collision Reaction Cell'].schema:additionalProperty[schema:name='Reaction Gas Flow Rate'].schema:value,$MethodDefinition.schema:instrument[schema:additionalType='ICPMS'].schema:hasPart[schema:additionalType='Collision Reaction Cell'].schema:additionalProperty[schema:name='Reaction Gas Flow Rate'].schema:defaultValue,$Dataset.prov:wasGeneratedBy.prov:used.schema:instrument[schema:additionalType='ICPMS'].schema:hasPart[schema:additionalType='Collision Reaction Cell'].schema:additionalProperty[schema:name='Reaction Gas Flow Rate'].schema:value,
$MethodDefinition.schema:instrument[schema:additionalType='…'].schema:hasPart[schema:additionalType='…'].schema:additionalProperty[schema:name='…'].schema:value,Reaction Gas Flow Rate,Solution_Q-ICP-MS_TAPP_v5,Advanced,Editable,,$MethodDefinition.schema:instrument[schema:additionalType='ICPMS'].schema:hasPart[schema:additionalType='Collision Reaction Cell'].schema:additionalProperty[schema:name='Reaction Gas Flow Rate'].schema:value,$MethodDefinition.schema:instrument[schema:additionalType='ICPMS'].schema:hasPart[schema:additionalType='Collision Reaction Cell'].schema:additionalProperty[schema:name='Reaction Gas Flow Rate'].schema:defaultValue,$Dataset.prov:wasGeneratedBy.prov:used.schema:instrument[schema:additionalType='ICPMS'].schema:hasPart[schema:additionalType='Collision Reaction Cell'].schema:additionalProperty[schema:name='Reaction Gas Flow Rate'].schema:value,
$MethodDefinition.schema:instrument[schema:additionalType='…'].schema:hasPart[schema:additionalType='…'].schema:additionalProperty[schema:name='…'].schema:value,Sample Uptake Rate,Solution_Q-ICP-MS_TAPP_v5,Basic,Editable,,$MethodDefinition.schema:instrument[schema:additionalType='ICPMS'].schema:hasPart[schema:additionalType='Sample Introduction System'].schema:additionalProperty[schema:name='Sample Uptake Rate'].schema:value,$MethodDefinition.schema:instrument[schema:additionalType='ICPMS'].schema:hasPart[schema:additionalType='Sample Introduction System'].schema:additionalProperty[schema:name='Sample Uptake Rate'].schema:defaultValue,$Dataset.prov:wasGeneratedBy.prov:used.schema:instrument[schema:additionalType='ICPMS'].schema:hasPart[schema:additionalType='Sample Introduction System'].schema:additionalProperty[schema:name='Sample Uptake Rate'].schema:value,
$MethodDefinition.schema:instrument[schema:additionalType='…'].schema:hasPart[schema:additionalType='…'].schema:additionalProperty[schema:name='…'].schema:value,Sample Uptake Rate,Solution_SF-ICP-MS_TAPP_v5,Basic,Editable,,$MethodDefinition.schema:instrument[schema:additionalType='ICPMS'].schema:hasPart[schema:additionalType='Sample Introduction System'].schema:additionalProperty[schema:name='Sample Uptake Rate'].schema:value,$MethodDefinition.schema:instrument[schema:additionalType='ICPMS'].schema:hasPart[schema:additionalType='Sample Introduction System'].schema:additionalProperty[schema:name='Sample Uptake Rate'].schema:defaultValue,$Dataset.prov:wasGeneratedBy.prov:used.schema:instrument[schema:additionalType='ICPMS'].schema:hasPart[schema:additionalType='Sample Introduction System'].schema:additionalProperty[schema:name='Sample Uptake Rate'].schema:value,
$MethodDefinition.schema:instrument[schema:additionalType='…'].schema:hasPart[schema:additionalType='…'].schema:additionalProperty[schema:name='…'].schema:value,Torch Depth,LA-ICPMS_Geochron_Horstwood_TAPP_v6,Advanced,Editable,,$MethodDefinition.schema:instrument[schema:additionalType='ICPMS'].schema:hasPart[schema:additionalType='Torch'].schema:additionalProperty[schema:name='Torch Depth'].schema:value,$MethodDefinition.schema:instrument[schema:additionalType='ICPMS'].schema:hasPart[schema:additionalType='Torch'].schema:additionalProperty[schema:name='Torch Depth'].schema:defaultValue,$Dataset.prov:wasGeneratedBy.prov:used.schema:instrument[schema:additionalType='ICPMS'].schema:hasPart[schema:additionalType='Torch'].schema:additionalProperty[schema:name='Torch Depth'].schema:value,
$MethodDefinition.schema:instrument[schema:additionalType='…'].schema:hasPart[schema:additionalType='…'].schema:additionalProperty[schema:name='…'].schema:value,Torch Depth,LA-Q_SF-ICPMS_TAPP_v3,Advanced,Editable,,$MethodDefinition.schema:instrument[schema:additionalType='ICPMS'].schema:hasPart[schema:additionalType='Torch'].schema:additionalProperty[schema:name='Torch Depth'].schema:value,$MethodDefinition.schema:instrument[schema:additionalType='ICPMS'].schema:hasPart[schema:additionalType='Torch'].schema:additionalProperty[schema:name='Torch Depth'].schema:defaultValue,$Dataset.prov:wasGeneratedBy.prov:used.schema:instrument[schema:additionalType='ICPMS'].schema:hasPart[schema:additionalType='Torch'].schema:additionalProperty[schema:name='Torch Depth'].schema:value,
$MethodDefinition.schema:instrument[schema:additionalType='…'].schema:hasPart[schema:additionalType='…'].schema:additionalProperty[schema:name='…'].schema:value,Torch Depth,Solution_Q-ICP-MS_TAPP_v5,Advanced,Editable,,$MethodDefinition.schema:instrument[schema:additionalType='ICPMS'].schema:hasPart[schema:additionalType='Torch'].schema:additionalProperty[schema:name='Torch Depth'].schema:value,$MethodDefinition.schema:instrument[schema:additionalType='ICPMS'].schema:hasPart[schema:additionalType='Torch'].schema:additionalProperty[schema:name='Torch Depth'].schema:defaultValue,$Dataset.prov:wasGeneratedBy.prov:used.schema:instrument[schema:additionalType='ICPMS'].schema:hasPart[schema:additionalType='Torch'].schema:additionalProperty[schema:name='Torch Depth'].schema:value,
$MethodDefinition.schema:instrument[schema:additionalType='…'].schema:hasPart[schema:additionalType='…'].schema:additionalProperty[schema:name='…'].schema:value,Torch Depth,Solution_SF-ICP-MS_TAPP_v5,Advanced,Editable,,$MethodDefinition.schema:instrument[schema:additionalType='ICPMS'].schema:hasPart[schema:additionalType='Torch'].schema:additionalProperty[schema:name='Torch Depth'].schema:value,$MethodDefinition.schema:instrument[schema:additionalType='ICPMS'].schema:hasPart[schema:additionalType='Torch'].schema:additionalProperty[schema:name='Torch Depth'].schema:defaultValue,$Dataset.prov:wasGeneratedBy.prov:used.schema:instrument[schema:additionalType='ICPMS'].schema:hasPart[schema:additionalType='Torch'].schema:additionalProperty[schema:name='Torch Depth'].schema:value,
$MethodDefinition.schema:instrument[schema:additionalType='…'].schema:identifier,Instrument Serial Number or Lab Identifier,LA-ICPMS_Geochron_Horstwood_TAPP_v6,Advanced,Editable,,$MethodDefinition.schema:instrument[schema:additionalType='ICPMS'].schema:identifier,$MethodDefinition.schema:instrument[schema:additionalType='ICPMS'].schema:additionalProperty[schema:name='Instrument Serial Number or Lab Identifier'].schema:defaultValue,$Dataset.prov:wasGeneratedBy.prov:used.schema:instrument[schema:additionalType='ICPMS'].schema:identifier,
$MethodDefinition.schema:instrument[schema:additionalType='…'].schema:identifier,Instrument Serial Number or Lab Identifier,LA-Q_SF-ICPMS_TAPP_v3,Advanced,Editable,,$MethodDefinition.schema:instrument[schema:additionalType='ICPMS'].schema:identifier,$MethodDefinition.schema:instrument[schema:additionalType='ICPMS'].schema:additionalProperty[schema:name='Instrument Serial Number or Lab Identifier'].schema:defaultValue,$Dataset.prov:wasGeneratedBy.prov:used.schema:instrument[schema:additionalType='ICPMS'].schema:identifier,
$MethodDefinition.schema:instrument[schema:additionalType='…'].schema:identifier,Instrument Serial Number or Lab Identifier,Solution_Q-ICP-MS_TAPP_v5,Advanced,Editable,,$MethodDefinition.schema:instrument[schema:additionalType='ICPMS'].schema:identifier,$MethodDefinition.schema:instrument[schema:additionalType='ICPMS'].schema:additionalProperty[schema:name='Instrument Serial Number or Lab Identifier'].schema:defaultValue,$Dataset.prov:wasGeneratedBy.prov:used.schema:instrument[schema:additionalType='ICPMS'].schema:identifier,
$MethodDefinition.schema:instrument[schema:additionalType='…'].schema:identifier,Instrument Serial Number or Lab Identifier,Solution_SF-ICP-MS_TAPP_v5,Advanced,Editable,,$MethodDefinition.schema:instrument[schema:additionalType='ICPMS'].schema:identifier,$MethodDefinition.schema:instrument[schema:additionalType='ICPMS'].schema:additionalProperty[schema:name='Instrument Serial Number or Lab Identifier'].schema:defaultValue,$Dataset.prov:wasGeneratedBy.prov:used.schema:instrument[schema:additionalType='ICPMS'].schema:identifier,
$MethodDefinition.schema:location.schema:Place.schema:identifier,Laboratory ID,EPMA_TAPP_v7,Advanced,Editable,,$MethodDefinition.schema:location.schema:Place.schema:identifier,$MethodDefinition.schema:location.schema:Place[schema:additionalType='Default Laboratory'].schema:identifier,$Dataset.prov:wasGeneratedBy.schema:location.schema:Place[schema:additionalType='Laboratory'].schema:identifier,
$MethodDefinition.schema:location.schema:Place.schema:identifier,Laboratory ID,LA-ICPMS_Geochron_Horstwood_TAPP_v6,Advanced,Editable,,$MethodDefinition.schema:location.schema:Place.schema:identifier,$MethodDefinition.schema:location.schema:Place[schema:additionalType='Default Laboratory'].schema:identifier,$Dataset.prov:wasGeneratedBy.schema:location.schema:Place[schema:additionalType='Laboratory'].schema:identifier,
$MethodDefinition.schema:location.schema:Place.schema:identifier,Laboratory ID,LA-Q_SF-ICPMS_TAPP_v3,Advanced,Editable,,$MethodDefinition.schema:location.schema:Place.schema:identifier,$MethodDefinition.schema:location.schema:Place[schema:additionalType='Default Laboratory'].schema:identifier,$Dataset.prov:wasGeneratedBy.schema:location.schema:Place[schema:additionalType='Laboratory'].schema:identifier,
$MethodDefinition.schema:location.schema:Place.schema:identifier,Laboratory ID,Lab-XCT_TAPP_v8,Advanced,Editable,,$MethodDefinition.schema:location.schema:Place.schema:identifier,$MethodDefinition.schema:location.schema:Place[schema:additionalType='Default Laboratory'].schema:identifier,$Dataset.prov:wasGeneratedBy.schema:location.schema:Place[schema:additionalType='Laboratory'].schema:identifier,
$MethodDefinition.schema:location.schema:Place.schema:identifier,Laboratory ID,SEM_Composition_TAPP_v4,Advanced,Editable,,$MethodDefinition.schema:location.schema:Place.schema:identifier,$MethodDefinition.schema:location.schema:Place[schema:additionalType='Default Laboratory'].schema:identifier,$Dataset.prov:wasGeneratedBy.schema:location.schema:Place[schema:additionalType='Laboratory'].schema:identifier,
$MethodDefinition.schema:location.schema:Place.schema:identifier,Laboratory ID,SEM_FIBSEM_TAPP_v4,Advanced,Editable,,$MethodDefinition.schema:location.schema:Place.schema:identifier,$MethodDefinition.schema:location.schema:Place[schema:additionalType='Default Laboratory'].schema:identifier,$Dataset.prov:wasGeneratedBy.schema:location.schema:Place[schema:additionalType='Laboratory'].schema:identifier,
$MethodDefinition.schema:location.schema:Place.schema:identifier,Laboratory ID,SEM_Imaging_TAPP_v4,Advanced,Editable,,$MethodDefinition.schema:location.schema:Place.schema:identifier,$MethodDefinition.schema:location.schema:Place[schema:additionalType='Default Laboratory'].schema:identifier,$Dataset.prov:wasGeneratedBy.schema:location.schema:Place[schema:additionalType='Laboratory'].schema:identifier,
$MethodDefinition.schema:location.schema:Place.schema:identifier,Laboratory ID,Solution_Q-ICP-MS_TAPP_v5,Advanced,Editable,,$MethodDefinition.schema:location.schema:Place.schema:identifier,$MethodDefinition.schema:location.schema:Place[schema:additionalType='Default Laboratory'].schema:identifier,$Dataset.prov:wasGeneratedBy.schema:location.schema:Place[schema:additionalType='Laboratory'].schema:identifier,
$MethodDefinition.schema:location.schema:Place.schema:identifier,Laboratory ID,Solution_SF-ICP-MS_TAPP_v5,Advanced,Editable,,$MethodDefinition.schema:location.schema:Place.schema:identifier,$MethodDefinition.schema:location.schema:Place[schema:additionalType='Default Laboratory'].schema:identifier,$Dataset.prov:wasGeneratedBy.schema:location.schema:Place[schema:additionalType='Laboratory'].schema:identifier,
$MethodDefinition.schema:location.schema:Place.schema:name,Laboratory,EPMA_TAPP_v7,Basic,Editable,,$MethodDefinition.schema:location.schema:Place.schema:name,$MethodDefinition.schema:location.schema:Place[schema:additionalType='Default Laboratory'].schema:name,$Dataset.prov:wasGeneratedBy.schema:location.schema:Place[schema:additionalType='Laboratory'].schema:name,
$MethodDefinition.schema:location.schema:Place.schema:name,Laboratory,LA-ICPMS_Geochron_Horstwood_TAPP_v6,Basic,Editable,,$MethodDefinition.schema:location.schema:Place.schema:name,$MethodDefinition.schema:location.schema:Place[schema:additionalType='Default Laboratory'].schema:name,$Dataset.prov:wasGeneratedBy.schema:location.schema:Place[schema:additionalType='Laboratory'].schema:name,
$MethodDefinition.schema:location.schema:Place.schema:name,Laboratory,LA-Q_SF-ICPMS_TAPP_v3,Basic,Editable,,$MethodDefinition.schema:location.schema:Place.schema:name,$MethodDefinition.schema:location.schema:Place[schema:additionalType='Default Laboratory'].schema:name,$Dataset.prov:wasGeneratedBy.schema:location.schema:Place[schema:additionalType='Laboratory'].schema:name,
$MethodDefinition.schema:location.schema:Place.schema:name,Laboratory,Lab-XCT_TAPP_v8,Basic,Editable,,$MethodDefinition.schema:location.schema:Place.schema:name,$MethodDefinition.schema:location.schema:Place[schema:additionalType='Default Laboratory'].schema:name,$Dataset.prov:wasGeneratedBy.schema:location.schema:Place[schema:additionalType='Laboratory'].schema:name,
$MethodDefinition.schema:location.schema:Place.schema:name,Laboratory,SEM_Composition_TAPP_v4,Basic,Editable,,$MethodDefinition.schema:location.schema:Place.schema:name,$MethodDefinition.schema:location.schema:Place[schema:additionalType='Default Laboratory'].schema:name,$Dataset.prov:wasGeneratedBy.schema:location.schema:Place[schema:additionalType='Laboratory'].schema:name,
$MethodDefinition.schema:location.schema:Place.schema:name,Laboratory,SEM_FIBSEM_TAPP_v4,Basic,Editable,,$MethodDefinition.schema:location.schema:Place.schema:name,$MethodDefinition.schema:location.schema:Place[schema:additionalType='Default Laboratory'].schema:name,$Dataset.prov:wasGeneratedBy.schema:location.schema:Place[schema:additionalType='Laboratory'].schema:name,
$MethodDefinition.schema:location.schema:Place.schema:name,Laboratory,SEM_Imaging_TAPP_v4,Basic,Editable,,$MethodDefinition.schema:location.schema:Place.schema:name,$MethodDefinition.schema:location.schema:Place[schema:additionalType='Default Laboratory'].schema:name,$Dataset.prov:wasGeneratedBy.schema:location.schema:Place[schema:additionalType='Laboratory'].schema:name,
$MethodDefinition.schema:location.schema:Place.schema:name,Laboratory,Solution_Q-ICP-MS_TAPP_v5,Basic,Editable,,$MethodDefinition.schema:location.schema:Place.schema:name,$MethodDefinition.schema:location.schema:Place[schema:additionalType='Default Laboratory'].schema:name,$Dataset.prov:wasGeneratedBy.schema:location.schema:Place[schema:additionalType='Laboratory'].schema:name,
$MethodDefinition.schema:location.schema:Place.schema:name,Laboratory,Solution_SF-ICP-MS_TAPP_v5,Basic,Editable,,$MethodDefinition.schema:location.schema:Place.schema:name,$MethodDefinition.schema:location.schema:Place[schema:additionalType='Default Laboratory'].schema:name,$Dataset.prov:wasGeneratedBy.schema:location.schema:Place[schema:additionalType='Laboratory'].schema:name,
$MethodDefinition.schema:object[@type='…'].schema:additionalProperty[schema:name='…'].schema:defaultValue,Sample Form / Analytical Substrate,LA-Q_SF-ICPMS_TAPP_v3,Basic,Editable,,$MethodDefinition.schema:object[@type='https://w3id.org/isample/vocabulary/materialsampleobjecttype/materialsample'].schema:additionalProperty[schema:name='Sample Form Analytical Substrate'].schema:defaultValue,$MethodDefinition.schema:object[@type='https://w3id.org/isample/vocabulary/materialsampleobjecttype/materialsample'].schema:additionalProperty[schema:name='Sample Form Analytical Substrate'].schema:defaultValue,$Dataset.prov:wasGeneratedBy.schema:object[@type='https://w3id.org/isample/vocabulary/materialsampleobjecttype/materialsample'].schema:additionalProperty[schema:name='Sample Form Analytical Substrate'].schema:value,
$MethodDefinition.schema:relatedLink[schema:linkRelationship='…'].schema:target.schema:description,Coupling Description,EPMA_TAPP_v7,Advanced,Editable,,$MethodDefinition.schema:relatedLink[schema:linkRelationship='coupledTechnique'].schema:target.schema:description,$MethodDefinition.schema:relatedLink[schema:linkRelationship='coupledTechnique'].schema:target.schema:description,$Dataset.schema:relatedLink[schema:linkRelationship='coupledTechnique'].schema:target.schema:description,
$MethodDefinition.schema:relatedLink[schema:linkRelationship='…'].schema:target.schema:description,Coupling Description,LA-ICPMS_Geochron_Horstwood_TAPP_v6,Advanced,Editable,,$MethodDefinition.schema:relatedLink[schema:linkRelationship='coupledTechnique'].schema:target.schema:description,$MethodDefinition.schema:relatedLink[schema:linkRelationship='coupledTechnique'].schema:target.schema:description,$Dataset.schema:relatedLink[schema:linkRelationship='coupledTechnique'].schema:target.schema:description,
$MethodDefinition.schema:relatedLink[schema:linkRelationship='…'].schema:target.schema:description,Coupling Description,LA-Q_SF-ICPMS_TAPP_v3,Advanced,Editable,,$MethodDefinition.schema:relatedLink[schema:linkRelationship='coupledTechnique'].schema:target.schema:description,$MethodDefinition.schema:relatedLink[schema:linkRelationship='coupledTechnique'].schema:target.schema:description,$Dataset.schema:relatedLink[schema:linkRelationship='coupledTechnique'].schema:target.schema:description,
$MethodDefinition.schema:relatedLink[schema:linkRelationship='…'].schema:target.schema:description,Coupling Description,Lab-XCT_TAPP_v8,Advanced,Editable,,$MethodDefinition.schema:relatedLink[schema:linkRelationship='coupledTechnique'].schema:target.schema:description,$MethodDefinition.schema:relatedLink[schema:linkRelationship='coupledTechnique'].schema:target.schema:description,$Dataset.schema:relatedLink[schema:linkRelationship='coupledTechnique'].schema:target.schema:description,
$MethodDefinition.schema:relatedLink[schema:linkRelationship='…'].schema:target.schema:description,Coupling Description,SEM_Composition_TAPP_v4,Advanced,Editable,,$MethodDefinition.schema:relatedLink[schema:linkRelationship='coupledTechnique'].schema:target.schema:description,$MethodDefinition.schema:relatedLink[schema:linkRelationship='coupledTechnique'].schema:target.schema:description,$Dataset.schema:relatedLink[schema:linkRelationship='coupledTechnique'].schema:target.schema:description,
$MethodDefinition.schema:relatedLink[schema:linkRelationship='…'].schema:target.schema:description,Coupling Description,SEM_FIBSEM_TAPP_v4,Advanced,Editable,,$MethodDefinition.schema:relatedLink[schema:linkRelationship='coupledTechnique'].schema:target.schema:description,$MethodDefinition.schema:relatedLink[schema:linkRelationship='coupledTechnique'].schema:target.schema:description,$Dataset.schema:relatedLink[schema:linkRelationship='coupledTechnique'].schema:target.schema:description,
$MethodDefinition.schema:relatedLink[schema:linkRelationship='…'].schema:target.schema:description,Coupling Description,SEM_Imaging_TAPP_v4,Advanced,Editable,,$MethodDefinition.schema:relatedLink[schema:linkRelationship='coupledTechnique'].schema:target.schema:description,$MethodDefinition.schema:relatedLink[schema:linkRelationship='coupledTechnique'].schema:target.schema:description,$Dataset.schema:relatedLink[schema:linkRelationship='coupledTechnique'].schema:target.schema:description,
$MethodDefinition.schema:relatedLink[schema:linkRelationship='…'].schema:target.schema:description,Coupling Description,Solution_Q-ICP-MS_TAPP_v5,Advanced,Editable,,$MethodDefinition.schema:relatedLink[schema:linkRelationship='coupledTechnique'].schema:target.schema:description,$MethodDefinition.schema:relatedLink[schema:linkRelationship='coupledTechnique'].schema:target.schema:description,$Dataset.schema:relatedLink[schema:linkRelationship='coupledTechnique'].schema:target.schema:description,
$MethodDefinition.schema:relatedLink[schema:linkRelationship='…'].schema:target.schema:description,Coupling Description,Solution_SF-ICP-MS_TAPP_v5,Advanced,Editable,,$MethodDefinition.schema:relatedLink[schema:linkRelationship='coupledTechnique'].schema:target.schema:description,$MethodDefinition.schema:relatedLink[schema:linkRelationship='coupledTechnique'].schema:target.schema:description,$Dataset.schema:relatedLink[schema:linkRelationship='coupledTechnique'].schema:target.schema:description,
$MethodDefinition.schema:relatedLink[schema:linkRelationship='…'].schema:target.schema:name,Coupled Technique(s),EPMA_TAPP_v7,Advanced,Editable,,$MethodDefinition.schema:relatedLink[schema:linkRelationship='coupledTechnique'].schema:target.schema:name,$MethodDefinition.schema:relatedLink[schema:linkRelationship='coupledTechnique'].schema:target.schema:name,$Dataset.schema:relatedLink[schema:linkRelationship='coupledTechnique'].schema:target.schema:name,
$MethodDefinition.schema:relatedLink[schema:linkRelationship='…'].schema:target.schema:name,Coupled Technique(s),LA-ICPMS_Geochron_Horstwood_TAPP_v6,Advanced,Editable,,$MethodDefinition.schema:relatedLink[schema:linkRelationship='coupledTechnique'].schema:target.schema:name,$MethodDefinition.schema:relatedLink[schema:linkRelationship='coupledTechnique'].schema:target.schema:name,$Dataset.schema:relatedLink[schema:linkRelationship='coupledTechnique'].schema:target.schema:name,
$MethodDefinition.schema:relatedLink[schema:linkRelationship='…'].schema:target.schema:name,Coupled Technique(s),LA-Q_SF-ICPMS_TAPP_v3,Advanced,Editable,,$MethodDefinition.schema:relatedLink[schema:linkRelationship='coupledTechnique'].schema:target.schema:name,$MethodDefinition.schema:relatedLink[schema:linkRelationship='coupledTechnique'].schema:target.schema:name,$Dataset.schema:relatedLink[schema:linkRelationship='coupledTechnique'].schema:target.schema:name,
$MethodDefinition.schema:relatedLink[schema:linkRelationship='…'].schema:target.schema:name,Coupled Technique(s),Lab-XCT_TAPP_v8,Advanced,Editable,,$MethodDefinition.schema:relatedLink[schema:linkRelationship='coupledTechnique'].schema:target.schema:name,$MethodDefinition.schema:relatedLink[schema:linkRelationship='coupledTechnique'].schema:target.schema:name,$Dataset.schema:relatedLink[schema:linkRelationship='coupledTechnique'].schema:target.schema:name,
$MethodDefinition.schema:relatedLink[schema:linkRelationship='…'].schema:target.schema:name,Coupled Technique(s),SEM_Composition_TAPP_v4,Advanced,Editable,,$MethodDefinition.schema:relatedLink[schema:linkRelationship='coupledTechnique'].schema:target.schema:name,$MethodDefinition.schema:relatedLink[schema:linkRelationship='coupledTechnique'].schema:target.schema:name,$Dataset.schema:relatedLink[schema:linkRelationship='coupledTechnique'].schema:target.schema:name,
$MethodDefinition.schema:relatedLink[schema:linkRelationship='…'].schema:target.schema:name,Coupled Technique(s),SEM_FIBSEM_TAPP_v4,Advanced,Editable,,$MethodDefinition.schema:relatedLink[schema:linkRelationship='coupledTechnique'].schema:target.schema:name,$MethodDefinition.schema:relatedLink[schema:linkRelationship='coupledTechnique'].schema:target.schema:name,$Dataset.schema:relatedLink[schema:linkRelationship='coupledTechnique'].schema:target.schema:name,
$MethodDefinition.schema:relatedLink[schema:linkRelationship='…'].schema:target.schema:name,Coupled Technique(s),SEM_Imaging_TAPP_v4,Advanced,Editable,,$MethodDefinition.schema:relatedLink[schema:linkRelationship='coupledTechnique'].schema:target.schema:name,$MethodDefinition.schema:relatedLink[schema:linkRelationship='coupledTechnique'].schema:target.schema:name,$Dataset.schema:relatedLink[schema:linkRelationship='coupledTechnique'].schema:target.schema:name,
$MethodDefinition.schema:relatedLink[schema:linkRelationship='…'].schema:target.schema:name,Coupled Technique(s),Solution_Q-ICP-MS_TAPP_v5,Advanced,Editable,,$MethodDefinition.schema:relatedLink[schema:linkRelationship='coupledTechnique'].schema:target.schema:name,$MethodDefinition.schema:relatedLink[schema:linkRelationship='coupledTechnique'].schema:target.schema:name,$Dataset.schema:relatedLink[schema:linkRelationship='coupledTechnique'].schema:target.schema:name,
$MethodDefinition.schema:relatedLink[schema:linkRelationship='…'].schema:target.schema:name,Coupled Technique(s),Solution_SF-ICP-MS_TAPP_v5,Advanced,Editable,,$MethodDefinition.schema:relatedLink[schema:linkRelationship='coupledTechnique'].schema:target.schema:name,$MethodDefinition.schema:relatedLink[schema:linkRelationship='coupledTechnique'].schema:target.schema:name,$Dataset.schema:relatedLink[schema:linkRelationship='coupledTechnique'].schema:target.schema:name,
